EmployeeID,Name,Age,Gender,Salary,Department,JoiningDate,Email
246,GHKjkY,,Male,-1000.0,HR,,ghkjky@yahoo.com
320,qcIWMw,,FEMALE,99999999.0,Finance,2016-02-17 00:00:00,qciwmw@gmail.com
247,tUeFzz,23.0,FEMALE,99999999.0,IT,2022-07-13 00:00:00,tuefzz@yahoo.com
3,vilifW,43.0,,,HR,32-13-2020,vilifW.com
345,XZUrFW,150.0,M,0.0,HR,,xzurfw@yahoo.com
5,DIATtR,-5.0,f,99999999.0,HR,2017-11-01 00:00:00,DIATtR.com
87,Vurzqj,33.0,male,79892.0,IT,,Vurzqj.com
112,KdayDk,-5.0,,-1000.0,Sales,,kdaydk@outlook.com
8,RkjfMY,-5.0,FEMALE,-1000.0,IT,,rkjfmy@yahoo.com
9,fdeUnq,150.0,FEMALE,53192.0,IT,2017-10-21 00:00:00,fdeunq@outlook.com
263,egqIGL,43.0,male,,Sales,,egqigl@yahoo.com
302,uWqlxA,-5.0,M,99999999.0,,32-13-2020,uwqlxa@yahoo.com
12,JiTSfZ,-5.0,FEMALE,99999999.0,IT,,jitsfz@gmail.com
386,uyzxCO,150.0,male,-1000.0,Sales,,uyzxco@yahoo.com
5,JJuZqk,54.0,male,99999999.0,Sales,,jjuzqk@yahoo.com
121,sZCGyy,,Male,,Finance,2016-10-20 00:00:00,szcgyy@outlook.com
112,XgeAfz,150.0,,20355.0,IT,,xgeafz@outlook.com
394,UwBbiX,150.0,Male,,,32-13-2020,uwbbix@gmail.com
18,OoPTZf,28.0,male,99999999.0,,,ooptzf@outlook.com
111,ejwkLb,150.0,Male,0.0,,2022-05-25 00:00:00,ejwklb@gmail.com
20,eMUDWJ,29.0,f,84049.0,,32-13-2020,emudwj@outlook.com
21,ssTzXC,150.0,male,93773.0,IT,32-13-2020,sstzxc@yahoo.com
22,YVjjhp,150.0,M,0.0,Finance,32-13-2020,YVjjhp.com
65,TyZXAu,27.0,male,99999999.0,,32-13-2020,TyZXAu.com
24,uzoTCc,-5.0,M,0.0,Sales,2021-11-29 00:00:00,uzoTCc.com
25,DsJJsn,150.0,f,,,,dsjjsn@gmail.com
26,ypavYn,-5.0,,99999999.0,Finance,,ypavyn@gmail.com
284,xEFZSy,150.0,M,,Finance,32-13-2020,xefzsy@gmail.com
28,pIwZgJ,44.0,male,0.0,Finance,,piwzgj@yahoo.com
442,QoqcLp,150.0,,,Finance,,qoqclp@gmail.com
30,cxJmhG,150.0,,99999999.0,Finance,2022-02-01 00:00:00,cxjmhg@yahoo.com
31,WqZhzl,150.0,Male,,Finance,32-13-2020,wqzhzl@yahoo.com
32,ZdDkTg,-5.0,M,-1000.0,,2016-06-10 00:00:00,zddktg@yahoo.com
33,cadZFc,,f,0.0,Finance,32-13-2020,cadzfc@outlook.com
413,sSDbBX,150.0,male,99999999.0,HR,,sSDbBX.com
35,ojYOov,150.0,Male,-1000.0,,,ojyoov@gmail.com
455,etjvpm,-5.0,Male,-1000.0,IT,32-13-2020,etjvpm@yahoo.com
328,fRwwIv,150.0,FEMALE,86605.0,HR,32-13-2020,frwwiv@gmail.com
252,aSdLLq,,Male,99999999.0,IT,,asdllq@gmail.com
39,UZjhJI,-5.0,f,73529.0,,,uzjhji@gmail.com
226,ifiBFM,150.0,FEMALE,0.0,,,ifiBFM.com
41,PvoXHc,-5.0,M,,,32-13-2020,PvoXHc.com
42,OsOgLp,150.0,f,0.0,Sales,32-13-2020,osoglp@gmail.com
43,PjuhYt,,male,,IT,2022-03-12 00:00:00,pjuhyt@outlook.com
480,JbVPDC,150.0,f,63245.0,Sales,,jbvpdc@outlook.com
45,zHggAL,58.0,Male,45668.0,Finance,32-13-2020,zhggal@outlook.com
37,aAXCNW,-5.0,male,-1000.0,IT,32-13-2020,aaxcnw@yahoo.com
47,LDYzTT,,male,99999999.0,Sales,2019-12-20 00:00:00,ldyztt@outlook.com
358,SWytoX,41.0,Male,0.0,Sales,,swytox@yahoo.com
49,iaEkwY,150.0,male,23033.0,HR,32-13-2020,iaekwy@gmail.com
50,NEzsBF,,Male,48601.0,Finance,2017-12-05 00:00:00,nezsbf@gmail.com
169,tUhIay,-5.0,f,99999999.0,Finance,2020-07-13 00:00:00,tuhiay@yahoo.com
52,mZDZvy,-5.0,M,23463.0,Sales,32-13-2020,mZDZvy.com
53,pnOxYh,30.0,f,99999999.0,Sales,,pnoxyh@yahoo.com
161,yAqhow,-5.0,,,IT,32-13-2020,yaqhow@yahoo.com
55,sMUYxJ,-5.0,f,99999999.0,Sales,2015-04-27 00:00:00,smuyxj@gmail.com
52,xYvYqJ,60.0,,-1000.0,HR,2016-04-09 00:00:00,xyvyqj@gmail.com
176,SdMmVU,-5.0,M,99999999.0,,2016-11-25 00:00:00,sdmmvu@outlook.com
58,JjoMZg,,f,99999999.0,IT,2015-08-08 00:00:00,jjomzg@gmail.com
59,rfWADw,,FEMALE,,HR,2016-12-13 00:00:00,rfwadw@outlook.com
286,eHoolS,,Male,,HR,,ehools@yahoo.com
61,oXsoYm,,,24293.0,Finance,2022-06-21 00:00:00,oxsoym@gmail.com
62,LjvQqg,150.0,M,-1000.0,HR,2020-01-22 00:00:00,ljvqqg@gmail.com
63,QxrNfJ,150.0,FEMALE,,IT,2020-10-22 00:00:00,qxrnfj@gmail.com
309,ONyKlD,150.0,f,0.0,IT,2023-01-04 00:00:00,onykld@gmail.com
220,wOJVHM,150.0,,50317.0,Sales,2015-03-16 00:00:00,wojvhm@yahoo.com
66,uULvby,150.0,FEMALE,0.0,HR,,uulvby@yahoo.com
298,xIEkWL,-5.0,male,99999999.0,,2018-09-28 00:00:00,xiekwl@yahoo.com
81,eCtUmS,,male,99999999.0,HR,32-13-2020,ectums@outlook.com
264,hzVJIr,,M,45273.0,,2019-04-20 00:00:00,hzvjir@yahoo.com
171,nTgsqM,58.0,FEMALE,82670.0,Finance,32-13-2020,nTgsqM.com
450,CNXiTy,57.0,male,99999999.0,IT,2016-02-16 00:00:00,cnxity@yahoo.com
352,QwVNsW,150.0,male,99999999.0,HR,,QwVNsW.com
255,HZWVvm,39.0,male,-1000.0,Finance,2015-03-29 00:00:00,hzwvvm@gmail.com
226,QoRErn,-5.0,,56365.0,Sales,32-13-2020,qorern@outlook.com
290,GlZbsl,,,0.0,HR,32-13-2020,glzbsl@gmail.com
47,RwNCow,41.0,M,91992.0,IT,32-13-2020,rwncow@yahoo.com
77,LJoBMF,43.0,FEMALE,,IT,2019-02-15 00:00:00,ljobmf@yahoo.com
38,emjzxn,150.0,FEMALE,,HR,2015-06-04 00:00:00,emjzxn@yahoo.com
250,ghqlwr,-5.0,FEMALE,99999999.0,IT,32-13-2020,ghqlwr@outlook.com
268,VLoSej,150.0,Male,0.0,,32-13-2020,vlosej@outlook.com
81,ReZqqz,,Male,26575.0,HR,,rezqqz@yahoo.com
82,pdCkVe,-5.0,male,-1000.0,IT,32-13-2020,pdckve@gmail.com
79,fKjbcA,18.0,FEMALE,,,32-13-2020,fkjbca@outlook.com
184,MjNOAS,-5.0,FEMALE,99999999.0,Sales,32-13-2020,MjNOAS.com
181,doiwxE,150.0,f,,IT,,doiwxE.com
367,ZQmLGe,-5.0,f,99999999.0,IT,,ZQmLGe.com
87,LIMqDG,38.0,,,,,limqdg@gmail.com
88,YuggGN,150.0,,29313.0,,2016-05-05 00:00:00,YuggGN.com
396,arNZKZ,150.0,,96243.0,,2020-05-02 00:00:00,arnzkz@yahoo.com
238,URajCC,60.0,M,0.0,Sales,,urajcc@yahoo.com
91,cxsVWL,48.0,male,99999999.0,IT,2016-02-19 00:00:00,cxsvwl@yahoo.com
82,rjKmQZ,-5.0,FEMALE,-1000.0,Sales,32-13-2020,rjkmqz@yahoo.com
406,sXdAsP,150.0,FEMALE,,Finance,2019-03-15 00:00:00,sxdasp@gmail.com
393,vjobBy,,,,Finance,2015-02-04 00:00:00,vjobby@yahoo.com
56,giTZmA,,,0.0,HR,32-13-2020,gitzma@outlook.com
417,BfXjsZ,150.0,f,-1000.0,Finance,2022-06-02 00:00:00,bfxjsz@yahoo.com
97,haabGG,50.0,,-1000.0,IT,32-13-2020,haabgg@outlook.com
134,nHeLzg,150.0,,,,32-13-2020,nhelzg@yahoo.com
99,nOukYJ,-5.0,male,0.0,IT,32-13-2020,noukyj@outlook.com
100,blnojC,-5.0,Male,0.0,Sales,,blnojc@gmail.com
101,jXkZCw,,FEMALE,0.0,HR,,jXkZCw.com
45,nVtQEL,,M,-1000.0,HR,,nVtQEL.com
103,YgKmtG,31.0,,-1000.0,Finance,2021-04-07 00:00:00,YgKmtG.com
245,rIZuFV,,,-1000.0,,,rIZuFV.com
105,vtMLCE,33.0,FEMALE,-1000.0,Sales,2016-01-25 00:00:00,vtmlce@gmail.com
253,UxRUUk,150.0,male,31786.0,IT,32-13-2020,UxRUUk.com
107,MqEXot,,male,-1000.0,Sales,2019-05-03 00:00:00,mqexot@yahoo.com
432,Igtrai,59.0,M,-1000.0,Finance,,igtrai@outlook.com
293,hOwAeg,-5.0,Male,-1000.0,HR,32-13-2020,howaeg@outlook.com
110,LzSTNR,150.0,FEMALE,,IT,,lzstnr@outlook.com
213,UvyVWc,-5.0,Male,-1000.0,IT,,uvyvwc@gmail.com
218,klEdeq,,f,99999999.0,Finance,,kledeq@outlook.com
43,eehgwg,150.0,f,0.0,Finance,32-13-2020,eehgwg.com
114,DBIEPA,51.0,FEMALE,99999999.0,Sales,32-13-2020,dbiepa@outlook.com
115,uPNJRe,18.0,FEMALE,99999999.0,HR,32-13-2020,upnjre@gmail.com
247,lJVAUK,18.0,M,,Finance,2017-02-28 00:00:00,lJVAUK.com
454,rpcEeJ,-5.0,M,-1000.0,,,rpceej@yahoo.com
118,WnysSX,-5.0,M,0.0,,,wnyssx@gmail.com
119,fRcJNT,51.0,FEMALE,0.0,,32-13-2020,frcjnt@outlook.com
289,DHePCy,150.0,FEMALE,-1000.0,IT,32-13-2020,DHePCy.com
404,BwWKGv,,,0.0,HR,32-13-2020,bwwkgv@outlook.com
110,WEZgLJ,150.0,FEMALE,0.0,HR,32-13-2020,WEZgLJ.com
123,WDuoyM,59.0,FEMALE,99999999.0,HR,,WDuoyM.com
124,KpnkUg,-5.0,Male,36442.0,,,kpnkug@yahoo.com
216,xeqYyS,150.0,male,99999999.0,Sales,2018-03-19 00:00:00,xeqYyS.com
126,jiqLCO,,FEMALE,99999999.0,Finance,2021-05-21 00:00:00,jiqlco@gmail.com
127,LonSVV,150.0,f,-1000.0,,2021-05-01 00:00:00,lonsvv@outlook.com
111,IRcUpK,-5.0,f,,Sales,32-13-2020,ircupk@yahoo.com
58,zwFKPJ,150.0,M,99999999.0,IT,32-13-2020,zwfkpj@gmail.com
469,sPssjd,,,20061.0,Sales,32-13-2020,spssjd@gmail.com
131,qtnvke,,,40758.0,Finance,32-13-2020,qtnvke@yahoo.com
132,sPNnxE,150.0,Male,24173.0,IT,32-13-2020,spnnxe@yahoo.com
57,Zapcqj,-5.0,Male,99999999.0,,2021-08-24 00:00:00,zapcqj@gmail.com
497,npYbjw,22.0,FEMALE,-1000.0,HR,2018-03-23 00:00:00,npybjw@outlook.com
135,rlwNaH,-5.0,FEMALE,-1000.0,IT,2022-08-28 00:00:00,rlwnah@outlook.com
114,wdIVWu,-5.0,M,,Finance,2022-04-07 00:00:00,wdivwu@outlook.com
174,focJZV,150.0,M,99999999.0,IT,,focjzv@gmail.com
140,JCYVHK,-5.0,male,99999999.0,IT,2022-05-01 00:00:00,JCYVHK.com
139,oxJQPv,-5.0,f,0.0,,32-13-2020,oxjqpv@yahoo.com
140,HQxged,,FEMALE,-1000.0,,,hqxged@gmail.com
141,HpaaDj,,male,0.0,IT,32-13-2020,HpaaDj.com
315,TIDCtt,150.0,f,99999999.0,Sales,,tidctt@yahoo.com
143,jeCEEW,-5.0,FEMALE,99999999.0,,,jeceew@yahoo.com
38,QQqEfN,-5.0,M,,Finance,32-13-2020,qqqefn@gmail.com
145,OzNwqX,19.0,f,45969.0,Sales,32-13-2020,oznwqx@outlook.com
243,IgKRDL,-5.0,M,,IT,2015-09-20 00:00:00,igkrdl@gmail.com
328,HAseut,46.0,f,99999999.0,Sales,32-13-2020,haseut@outlook.com
293,KJmaEo,29.0,Male,50455.0,HR,32-13-2020,kjmaeo@gmail.com
149,dSkdJX,37.0,FEMALE,-1000.0,IT,32-13-2020,dskdjx@outlook.com
331,hrcItf,150.0,male,-1000.0,IT,,hrcitf@yahoo.com
249,tSMOPA,-5.0,f,,IT,32-13-2020,tsmopa@gmail.com
152,wxPZhy,-5.0,male,99999999.0,HR,32-13-2020,wxpzhy@outlook.com
153,DaZeVV,54.0,Male,0.0,,32-13-2020,dazevv@yahoo.com
460,dTqRRL,-5.0,M,-1000.0,IT,2018-04-01 00:00:00,dtqrrl@gmail.com
59,KVOOXY,,Male,99999999.0,,,kvooxy@yahoo.com
156,SioLhb,29.0,FEMALE,86280.0,,32-13-2020,siolhb@outlook.com
157,ndoVEw,150.0,Male,99999999.0,HR,2016-08-25 00:00:00,ndovew@outlook.com
248,MhEYco,150.0,FEMALE,,Sales,,mheyco@yahoo.com
453,yIsbgK,36.0,M,0.0,Sales,32-13-2020,yisbgk@gmail.com
160,PoHeEs,-5.0,Male,32638.0,,32-13-2020,pohees@yahoo.com
129,XZrHll,150.0,Male,37992.0,HR,,xzrhll@outlook.com
355,gQtcxz,150.0,FEMALE,80636.0,HR,32-13-2020,gqtcxz@yahoo.com
163,Rndwgq,-5.0,male,32130.0,HR,2015-04-19 00:00:00,Rndwgq.com
164,Vaqcrk,,f,,Finance,,vaqcrk@yahoo.com
165,xZLjnY,60.0,,0.0,IT,32-13-2020,xzljny@yahoo.com
108,BNGtlr,25.0,M,75685.0,Finance,32-13-2020,bngtlr@outlook.com
167,FFkgNi,150.0,FEMALE,99999999.0,,32-13-2020,ffkgni@yahoo.com
168,sJMWSj,,FEMALE,-1000.0,Sales,32-13-2020,sjmwsj@gmail.com
128,CjIkEU,-5.0,f,-1000.0,,,CjIkEU.com
170,iXalvz,,FEMALE,99999999.0,Finance,32-13-2020,ixalvz@gmail.com
171,hMimLx,,Male,-1000.0,Sales,32-13-2020,hmimlx@outlook.com
385,cFxgOt,,,,HR,2022-12-23 00:00:00,cfxgot@yahoo.com
173,FgzZYE,-5.0,Male,0.0,IT,,fgzzye@yahoo.com
174,rKYvsy,,Male,,HR,,rkyvsy@gmail.com
175,GGtNkp,150.0,Male,-1000.0,Sales,32-13-2020,ggtnkp@yahoo.com
176,okJjST,28.0,M,,,32-13-2020,okjjst@outlook.com
177,kPVdoA,150.0,Male,-1000.0,HR,2018-09-26 00:00:00,kpvdoa@gmail.com
269,djXKli,,Male,31801.0,,32-13-2020,djxkli@outlook.com
179,tpifof,19.0,male,38630.0,Finance,32-13-2020,tpifof@outlook.com
180,TEkgPk,150.0,Male,0.0,Finance,2022-05-04 00:00:00,tekgpk@yahoo.com
421,RZkHNF,150.0,M,93133.0,Finance,,rzkhnf@gmail.com
182,YigrZr,150.0,f,-1000.0,Sales,32-13-2020,yigrzr@gmail.com
419,FrFeGr,150.0,Male,-1000.0,,2019-11-12 00:00:00,frfegr@gmail.com
290,hjmiSt,54.0,FEMALE,,HR,32-13-2020,hjmist@outlook.com
173,mMXzED,54.0,f,-1000.0,Sales,2022-01-21 00:00:00,mmxzed@gmail.com
68,gQFFut,-5.0,Male,0.0,IT,2020-03-21 00:00:00,gqffut@outlook.com
268,PlDJdP,150.0,M,0.0,Sales,2021-10-25 00:00:00,PlDJdP.com
188,RUvpHu,,FEMALE,99999999.0,HR,32-13-2020,ruvphu@gmail.com
189,itDqIX,-5.0,male,,HR,32-13-2020,itDqIX.com
190,gIUDIQ,56.0,M,,,2016-02-14 00:00:00,giudiq@outlook.com
121,uJvqqn,150.0,Male,99999999.0,IT,2023-01-23 00:00:00,uJvqqn.com
192,FtweMr,-5.0,Male,0.0,IT,,FtweMr.com
265,FOArew,150.0,M,99999999.0,Finance,,FOArew.com
320,Qbabga,51.0,male,99999999.0,,32-13-2020,Qbabga.com
195,GAiRvj,150.0,,0.0,Sales,,gairvj@gmail.com
481,dWxAos,-5.0,M,92253.0,Sales,2015-09-18 00:00:00,dwxaos@outlook.com
197,FMrici,60.0,FEMALE,53361.0,Sales,2018-05-02 00:00:00,fmrici@yahoo.com
198,JRHqQf,60.0,Male,-1000.0,HR,,JRHqQf.com
199,ygLFao,36.0,,0.0,Sales,2021-01-29 00:00:00,yglfao@gmail.com
315,UDcaUD,,Male,36698.0,IT,2019-10-05 00:00:00,UDcaUD.com
201,zuZaHH,27.0,FEMALE,,,32-13-2020,zuzahh@yahoo.com
182,HFNegG,,male,45921.0,IT,2020-12-16 00:00:00,hfnegg@gmail.com
203,nwfwXf,-5.0,male,99999999.0,Finance,2019-03-07 00:00:00,nwfwXf.com
467,IHoXkL,,M,,Sales,,ihoxkl@gmail.com
205,XWmoWP,36.0,f,99999999.0,Sales,32-13-2020,XWmoWP.com
206,xGRsiH,150.0,f,0.0,Finance,2020-03-02 00:00:00,xgrsih@yahoo.com
447,lkvzxQ,41.0,M,92014.0,,,lkvzxQ.com
208,FWTYGW,150.0,Male,56567.0,,,fwtygw@gmail.com
447,MZRZjA,150.0,FEMALE,39248.0,,32-13-2020,mzrzja@gmail.com
210,rFNSzB,-5.0,,63762.0,Sales,,rfnszb@yahoo.com
39,dSHYHk,26.0,,,Finance,,dSHYHk.com
212,MdHBfW,34.0,Male,0.0,IT,,MdHBfW.com
356,jLpZpO,150.0,M,-1000.0,HR,,jLpZpO.com
214,MhYHmb,43.0,male,-1000.0,,,mhyhmb@gmail.com
284,sPtEeU,,f,-1000.0,IT,,spteeu@gmail.com
216,WgcjgE,150.0,FEMALE,99999999.0,HR,,wgcjge@outlook.com
217,yxYOZa,,Male,-1000.0,HR,32-13-2020,yxYOZa.com
385,DlLRuG,150.0,FEMALE,54248.0,Sales,,DlLRuG.com
65,uCbawl,49.0,f,,HR,32-13-2020,ucbawl@gmail.com
220,uHvZwI,150.0,f,,Finance,2021-07-09 00:00:00,uhvzwi@outlook.com
221,EzrYJu,,male,,Sales,,ezryju@outlook.com
362,lfHjVD,-5.0,M,99999999.0,Sales,32-13-2020,lfhjvd@outlook.com
256,toTAno,,FEMALE,99999999.0,HR,,totano@yahoo.com
262,StXvGL,20.0,Male,93340.0,IT,,stxvgl@yahoo.com
225,TTiJQB,,f,99999999.0,,,ttijqb@gmail.com
482,clKmLI,-5.0,Male,94680.0,Sales,32-13-2020,clKmLI.com
227,fQQhas,,male,,,,fqqhas@outlook.com
228,tuJBcz,33.0,M,-1000.0,IT,,tuJBcz.com
229,dqiHOb,,Male,-1000.0,IT,32-13-2020,dqihob@gmail.com
230,CzJFiX,-5.0,Male,-1000.0,,,CzJFiX.com
308,EILiMc,150.0,Male,-1000.0,Finance,2016-06-10 00:00:00,eilimc@gmail.com
232,tDIERj,-5.0,,-1000.0,,32-13-2020,tdierj@gmail.com
386,FNPMAq,-5.0,M,99999999.0,,2015-08-06 00:00:00,fnpmaq@gmail.com
134,mZhIUL,20.0,FEMALE,0.0,Sales,32-13-2020,mzhiul@yahoo.com
495,OsEugl,150.0,M,-1000.0,HR,,oseugl@outlook.com
267,tQuLGm,52.0,,,Finance,2017-11-30 00:00:00,tqulgm@outlook.com
63,zzpJJO,-5.0,M,0.0,Finance,,zzpjjo@gmail.com
498,uHXRHj,36.0,M,,IT,,uHXRHj.com
357,uPBECY,-5.0,,99999999.0,HR,32-13-2020,uPBECY.com
393,TyORkU,,male,0.0,Finance,2021-06-15 00:00:00,tyorku@outlook.com
478,fSRwCv,150.0,Male,-1000.0,Finance,,fsrwcv@gmail.com
242,qlXrLA,-5.0,FEMALE,80587.0,IT,2020-03-25 00:00:00,qlxrla@yahoo.com
161,mfZjWy,-5.0,male,0.0,Sales,,mfzjwy@gmail.com
22,tpluwd,22.0,Male,-1000.0,,2021-12-19 00:00:00,tpluwd@gmail.com
245,cAEIAK,150.0,f,62507.0,HR,2015-05-25 00:00:00,cAEIAK.com
292,BfFoFD,150.0,f,0.0,Finance,2022-10-14 00:00:00,bffofd@yahoo.com
463,kDYkOf,-5.0,FEMALE,22361.0,Finance,,kdykof@yahoo.com
45,TRnvJo,,M,0.0,,2017-03-13 00:00:00,trnvjo@yahoo.com
249,SBHqPL,-5.0,male,89421.0,Finance,2022-04-25 00:00:00,sbhqpl@gmail.com
250,OBfeGy,,male,-1000.0,HR,,OBfeGy.com
251,TCUVDV,,M,0.0,HR,,tcuvdv@gmail.com
252,yGekLq,150.0,FEMALE,99999999.0,Sales,,ygeklq@yahoo.com
253,mOVtZG,42.0,male,99999999.0,,32-13-2020,movtzg@outlook.com
426,lwUWYU,,M,-1000.0,,,lwUWYU.com
47,LnDBWQ,,FEMALE,0.0,IT,2019-04-24 00:00:00,lndbwq@yahoo.com
273,YHaFiv,29.0,,,IT,32-13-2020,yhafiv@outlook.com
161,VSNyMp,-5.0,f,99999999.0,HR,2016-08-14 00:00:00,vsnymp@yahoo.com
133,SrcCdy,,male,89539.0,HR,32-13-2020,srccdy@gmail.com
259,ZMyHLs,150.0,FEMALE,,Finance,32-13-2020,zmyhls@outlook.com
260,HeTUQQ,,,99999999.0,Finance,32-13-2020,HeTUQQ.com
421,KYjWhl,26.0,FEMALE,,Sales,2017-02-07 00:00:00,kyjwhl@yahoo.com
323,mtTUil,-5.0,Male,,Finance,32-13-2020,mttuil@yahoo.com
156,BvtVLX,,,0.0,IT,,bvtvlx@gmail.com
264,qpmmAr,-5.0,f,,Sales,2016-06-29 00:00:00,qpmmar@gmail.com
281,RLUPTC,-5.0,,,Finance,,RLUPTC.com
266,OtUMOx,,FEMALE,,Sales,32-13-2020,otumox@gmail.com
267,uPDFug,,f,,HR,,updfug@gmail.com
43,ZhYBcD,,FEMALE,,Finance,2018-12-10 00:00:00,zhybcd@outlook.com
269,sSGnsf,31.0,,,IT,32-13-2020,ssgnsf@outlook.com
270,mLJtFl,-5.0,FEMALE,-1000.0,Finance,2015-11-22 00:00:00,mLJtFl.com
271,xcCUlr,,male,0.0,IT,32-13-2020,xcculr@outlook.com
345,eDrXcZ,25.0,male,99999999.0,Finance,,eDrXcZ.com
284,vsPFuR,150.0,FEMALE,0.0,,32-13-2020,vspfur@gmail.com
274,qHodfT,150.0,FEMALE,0.0,HR,,qhodft@outlook.com
275,sMFZfO,150.0,male,-1000.0,HR,2021-02-11 00:00:00,smfzfo@yahoo.com
186,DGtMxV,36.0,M,0.0,Finance,32-13-2020,dgtmxv@yahoo.com
404,RStZNE,25.0,,0.0,Sales,,RStZNE.com
227,pzaCQN,54.0,Male,-1000.0,,,pzacqn@outlook.com
268,fAhIlJ,38.0,FEMALE,99999999.0,Finance,2018-03-25 00:00:00,fAhIlJ.com
280,MkzYGO,150.0,Male,-1000.0,Sales,32-13-2020,mkzygo@outlook.com
281,yNXxop,-5.0,male,99999999.0,IT,,ynxxop@outlook.com
178,kHHpGO,150.0,,-1000.0,,2020-09-19 00:00:00,khhpgo@outlook.com
283,ooMXvz,54.0,Male,24053.0,HR,2016-11-30 00:00:00,ooMXvz.com
426,mPzHjv,150.0,male,,,32-13-2020,mpzhjv@yahoo.com
285,sILUwe,,,0.0,HR,2022-04-20 00:00:00,sILUwe.com
286,IgePjo,-5.0,male,,IT,,igepjo@yahoo.com
287,uXYEAR,-5.0,male,0.0,IT,2020-06-14 00:00:00,uxyear@outlook.com
288,IEonnr,,,94170.0,IT,32-13-2020,IEonnr.com
289,pXpwnw,25.0,Male,0.0,Sales,2018-12-04 00:00:00,pxpwnw@gmail.com
255,ZwbqSK,20.0,,,,32-13-2020,zwbqsk@yahoo.com
415,YvKErG,150.0,FEMALE,0.0,HR,32-13-2020,yvkerg@yahoo.com
46,IIhEez,150.0,,39852.0,Finance,,iiheez@yahoo.com
285,YmoexR,29.0,male,99999999.0,HR,2018-11-08 00:00:00,YmoexR.com
316,aAiODY,31.0,M,99999999.0,HR,2015-02-11 00:00:00,aaiody@yahoo.com
196,IpqJwA,32.0,FEMALE,-1000.0,Finance,32-13-2020,ipqjwa@outlook.com
462,FZvzYg,,male,-1000.0,IT,,fzvzyg@yahoo.com
499,BgSLYG,,,78708.0,,32-13-2020,bgslyg@gmail.com
298,LYwjLl,30.0,Male,-1000.0,IT,32-13-2020,lywjll@gmail.com
292,daJiUV,24.0,male,99999999.0,,2015-02-26 00:00:00,daJiUV.com
237,QXJIMI,-5.0,,,Finance,2020-03-02 00:00:00,QXJIMI.com
288,aRVVxc,37.0,M,86651.0,HR,32-13-2020,aRVVxc.com
302,LuHxTB,-5.0,FEMALE,,Finance,2019-10-21 00:00:00,luhxtb@yahoo.com
459,bWzeDh,38.0,,,Finance,,bwzedh@yahoo.com
107,WYWpqB,,male,0.0,HR,2015-03-09 00:00:00,wywpqb@outlook.com
305,FYCjno,19.0,f,71689.0,HR,2018-03-27 00:00:00,fycjno@gmail.com
306,jrcivI,-5.0,f,-1000.0,Sales,32-13-2020,jrcivi@gmail.com
462,PFMiUv,25.0,f,,Finance,32-13-2020,pfmiuv@yahoo.com
308,mGRSpw,150.0,Male,22565.0,,,mGRSpw.com
309,JFhjtj,150.0,Male,-1000.0,IT,32-13-2020,jfhjtj@yahoo.com
191,xUsALJ,150.0,M,28536.0,IT,2022-03-29 00:00:00,xusalj@gmail.com
152,totxYd,,M,-1000.0,Finance,32-13-2020,totxyd@yahoo.com
312,qIOpOA,,FEMALE,,HR,32-13-2020,qIOpOA.com
304,lXqLYo,-5.0,M,,Sales,,lxqlyo@gmail.com
314,mlIpIA,-5.0,Male,27895.0,HR,32-13-2020,mlipia@outlook.com
315,ZOKDxV,40.0,,58393.0,Sales,2021-08-03 00:00:00,zokdxv@yahoo.com
316,ZnuQLh,150.0,Male,43121.0,Sales,2015-08-24 00:00:00,znuqlh@gmail.com
317,KkFahg,150.0,FEMALE,-1000.0,Finance,2018-10-05 00:00:00,KkFahg.com
362,qZBEvB,150.0,Male,83360.0,IT,,qzbevb@gmail.com
319,ntzOZo,-5.0,M,-1000.0,,,ntzozo@gmail.com
320,ILhwQG,-5.0,FEMALE,,,2017-10-27 00:00:00,ilhwqg@outlook.com
309,WBABxm,-5.0,FEMALE,0.0,Finance,32-13-2020,wbabxm@outlook.com
245,quGHGM,-5.0,f,,IT,2018-01-21 00:00:00,quGHGM.com
311,skMgnM,150.0,M,,Finance,,skmgnm@outlook.com
324,BfcrsP,59.0,FEMALE,-1000.0,,,BfcrsP.com
325,sgLUkF,150.0,,,Finance,32-13-2020,sglukf@outlook.com
326,wLhHdN,150.0,,99999999.0,Finance,32-13-2020,wlhhdn@gmail.com
163,CsOatu,59.0,M,0.0,HR,32-13-2020,csoatu@outlook.com
328,Lmvuho,,f,0.0,Sales,,lmvuho@outlook.com
479,mrvanL,-5.0,male,-1000.0,,,mrvanL.com
330,GMBhvw,-5.0,f,99999999.0,,,GMBhvw.com
326,hWTaDG,150.0,FEMALE,-1000.0,IT,32-13-2020,hwtadg@yahoo.com
74,rKgUjT,150.0,,0.0,,32-13-2020,rkgujt@outlook.com
77,VGDEGa,31.0,,-1000.0,,32-13-2020,vgdega@yahoo.com
334,satiYV,-5.0,f,0.0,HR,32-13-2020,satiyv@yahoo.com
242,kZGvhI,150.0,f,,HR,2015-08-28 00:00:00,kzgvhi@gmail.com
399,mHqJTi,150.0,f,0.0,Finance,,mhqjti@gmail.com
166,JFiHiE,-5.0,FEMALE,24000.0,IT,32-13-2020,jfihie@gmail.com
338,YrmCca,-5.0,Male,0.0,IT,2019-07-09 00:00:00,yrmcca@yahoo.com
482,TVBfKn,,FEMALE,,Finance,,TVBfKn.com
340,JpIPEB,,Male,-1000.0,,,jpipeb@outlook.com
341,hgVhze,,Male,99999999.0,,,hgVhze.com
137,DOhhEF,,,,Sales,2016-07-31 00:00:00,DOhhEF.com
320,HmrxYV,,Male,-1000.0,Sales,,hmrxyv@gmail.com
111,QDmFxG,,f,,Finance,,qdmfxg@outlook.com
136,pxYBDh,,FEMALE,,HR,,pxYBDh.com
198,vtsZIV,,f,78025.0,,32-13-2020,vtsziv@outlook.com
287,avENNv,150.0,Male,,Sales,2020-02-02 00:00:00,avennv@yahoo.com
348,EMlFZP,150.0,FEMALE,,,,emlfzp@yahoo.com
359,BEyMqI,,,99999999.0,,2018-08-26 00:00:00,beymqi@yahoo.com
350,MisiTu,,,23396.0,IT,32-13-2020,MisiTu.com
320,eFGQHh,18.0,male,99999999.0,Finance,2022-11-26 00:00:00,efgqhh@gmail.com
352,lVWavW,,FEMALE,73989.0,Finance,2019-10-15 00:00:00,lvwavw@yahoo.com
184,KOVgmw,20.0,M,34003.0,HR,32-13-2020,kovgmw@outlook.com
354,KyRWLP,-5.0,FEMALE,99999999.0,HR,32-13-2020,kyrwlp@outlook.com
355,MFpzHM,-5.0,male,54260.0,Finance,2022-05-12 00:00:00,mfpzhm@outlook.com
356,ZiHNjZ,150.0,,0.0,Sales,2019-12-10 00:00:00,ZiHNjZ.com
357,PoPLfS,,,30476.0,IT,,poplfs@yahoo.com
358,pzXwgk,-5.0,male,99999999.0,Finance,32-13-2020,pzxwgk@outlook.com
359,cAadkB,49.0,Male,-1000.0,Finance,2022-04-28 00:00:00,caadkb@gmail.com
309,ZFodic,-5.0,,-1000.0,Sales,32-13-2020,zfodic@outlook.com
361,nKwxsS,33.0,,,Finance,32-13-2020,nKwxsS.com
362,qfLini,29.0,male,-1000.0,IT,32-13-2020,qflini@outlook.com
214,lMCUtl,36.0,M,,,32-13-2020,lmcutl@gmail.com
376,MGIFjm,52.0,M,74701.0,,32-13-2020,MGIFjm.com
365,sXJBrG,-5.0,M,-1000.0,Finance,2020-06-17 00:00:00,sxjbrg@outlook.com
366,hupGhP,-5.0,FEMALE,68967.0,Finance,32-13-2020,hupghp@yahoo.com
204,nYYcQB,,FEMALE,29589.0,,,nYYcQB.com
477,VQDAIo,59.0,FEMALE,99999999.0,,32-13-2020,vqdaio@yahoo.com
369,SdKNDI,58.0,,,IT,2019-11-21 00:00:00,SdKNDI.com
20,GIrlpc,150.0,,75153.0,Finance,,GIrlpc.com
371,GyYJIa,51.0,FEMALE,99999999.0,HR,,gyyjia@gmail.com
372,pgbCHR,43.0,FEMALE,0.0,HR,32-13-2020,pgbCHR.com
373,BHUwcR,150.0,,,Finance,,bhuwcr@outlook.com
404,sEXJtk,150.0,male,0.0,HR,,sexjtk@gmail.com
375,zSiTRL,27.0,,99999999.0,,2020-03-03 00:00:00,zSiTRL.com
376,UZgrry,-5.0,FEMALE,-1000.0,Sales,2018-08-25 00:00:00,uzgrry@yahoo.com
377,wteWgH,53.0,Male,0.0,IT,32-13-2020,wtewgh@gmail.com
488,XkREgH,150.0,FEMALE,0.0,HR,2015-10-08 00:00:00,xkregh@gmail.com
258,gPWoos,-5.0,Male,99999999.0,Finance,2019-11-14 00:00:00,gpwoos@yahoo.com
380,YRecUd,31.0,M,27314.0,IT,,yrecud@yahoo.com
390,imzBma,27.0,M,,,2016-08-19 00:00:00,imzbma@yahoo.com
382,MUgSis,150.0,male,48839.0,Sales,2023-02-28 00:00:00,mugsis@yahoo.com
383,eSAynE,,male,-1000.0,Sales,32-13-2020,esayne@gmail.com
143,fNGkmY,150.0,f,,Sales,32-13-2020,fngkmy@yahoo.com
385,tyFlQn,150.0,male,-1000.0,,2022-10-20 00:00:00,tyflqn@gmail.com
250,utubOK,-5.0,f,,Finance,32-13-2020,utubok@yahoo.com
78,efuoLM,150.0,Male,99999999.0,Sales,2017-02-08 00:00:00,efuolm@yahoo.com
157,pUcNft,28.0,f,,,32-13-2020,pucnft@outlook.com
389,xJYDko,,male,99999999.0,Finance,32-13-2020,xjydko@yahoo.com
390,JPpVPR,150.0,,0.0,IT,,jppvpr@outlook.com
415,VhjtZW,60.0,M,85181.0,Finance,2021-03-19 00:00:00,vhjtzw@gmail.com
392,urkalq,55.0,,99999999.0,Finance,2020-04-09 00:00:00,urkalq@gmail.com
393,sbhCFG,34.0,f,95835.0,,2015-05-11 00:00:00,sbhcfg@yahoo.com
441,lcRMeX,,M,99999999.0,Finance,,lcrmex@yahoo.com
62,bDFGDW,56.0,f,0.0,,32-13-2020,bdfgdw@gmail.com
396,RzGsvF,150.0,FEMALE,0.0,,32-13-2020,RzGsvF.com
397,BZfZHg,,f,-1000.0,,2021-11-26 00:00:00,bzfzhg@gmail.com
83,DjoDYq,150.0,FEMALE,83499.0,Sales,32-13-2020,djodyq@yahoo.com
399,YhxIFE,-5.0,Male,30341.0,IT,32-13-2020,YhxIFE.com
338,zGkrbA,29.0,male,,HR,32-13-2020,zgkrba@gmail.com
401,aHwWsd,36.0,Male,-1000.0,IT,2021-09-25 00:00:00,ahwwsd@yahoo.com
360,kAzoqU,23.0,Male,,,32-13-2020,kazoqu@outlook.com
299,TSSRqf,150.0,FEMALE,99999999.0,IT,2020-05-25 00:00:00,tssrqf@yahoo.com
404,LryVbb,,Male,,Sales,,lryvbb@outlook.com
61,LzIbBv,150.0,,0.0,Sales,32-13-2020,LzIbBv.com
406,PpedFc,150.0,Male,0.0,,32-13-2020,ppedfc@yahoo.com
407,meILok,-5.0,FEMALE,-1000.0,Sales,32-13-2020,meILok.com
183,zBQOiv,150.0,,99999999.0,IT,,zbqoiv@outlook.com
292,obDnnO,150.0,f,0.0,,,obdnno@yahoo.com
263,dXEfJV,-5.0,M,-1000.0,Finance,32-13-2020,dXEfJV.com
484,kgSssW,150.0,FEMALE,0.0,Finance,2021-12-29 00:00:00,kgsssw@outlook.com
101,SImqsR,150.0,,0.0,Finance,2019-09-12 00:00:00,simqsr@outlook.com
3,gcjmzW,21.0,,99999999.0,Sales,32-13-2020,gcjmzw@yahoo.com
414,rbObhD,,FEMALE,0.0,Finance,32-13-2020,rbObhD.com
415,FNIuLV,-5.0,f,-1000.0,Sales,,fniulv@outlook.com
16,MaCUMa,55.0,f,,HR,,macuma@gmail.com
417,TVKwWo,,FEMALE,99999999.0,HR,2015-06-03 00:00:00,tvkwwo@gmail.com
125,EJhCpT,150.0,f,43222.0,IT,2017-07-14 00:00:00,ejhcpt@gmail.com
449,aqIsZR,150.0,,0.0,,32-13-2020,aqIsZR.com
353,dzBqDU,-5.0,f,0.0,Finance,,dzbqdu@outlook.com
421,VMZjRn,150.0,f,-1000.0,HR,2021-02-05 00:00:00,vmzjrn@gmail.com
324,NiqPNi,,Male,,HR,2016-10-28 00:00:00,niqpni@outlook.com
224,Gisdbj,150.0,f,99999999.0,Finance,2020-02-13 00:00:00,gisdbj@yahoo.com
354,BWPZUP,-5.0,Male,-1000.0,,2016-01-19 00:00:00,bwpzup@outlook.com
425,zegVuU,56.0,,-1000.0,,32-13-2020,zegvuu@yahoo.com
71,MSPodF,,FEMALE,41270.0,HR,,mspodf@outlook.com
427,McgbsV,-5.0,f,0.0,HR,,mcgbsv@gmail.com
428,YvIwUu,-5.0,Male,-1000.0,IT,,yviwuu@outlook.com
486,SfjOBk,,f,57959.0,,,sfjobk@yahoo.com
219,srLiXq,,male,0.0,Finance,,srLiXq.com
184,LPOyWA,,,0.0,HR,2016-01-09 00:00:00,lpoywa@outlook.com
487,wGJZQP,150.0,,-1000.0,,,wGJZQP.com
244,qswtru,55.0,Male,0.0,Finance,32-13-2020,qswtru@yahoo.com
346,uMCMsv,150.0,Male,62071.0,HR,,umcmsv@yahoo.com
435,pJTyxe,34.0,FEMALE,-1000.0,HR,,pJTyxe.com
436,EsLvJk,150.0,f,0.0,HR,,eslvjk@gmail.com
437,Qyorqh,,M,0.0,HR,,qyorqh@yahoo.com
438,XaBoeW,,male,0.0,HR,2018-07-13 00:00:00,XaBoeW.com
439,VKyZiA,150.0,FEMALE,,Finance,32-13-2020,vkyzia@gmail.com
440,ajVcmC,-5.0,M,91902.0,Finance,32-13-2020,ajvcmc@yahoo.com
441,AYtMbr,,FEMALE,0.0,Sales,,aytmbr@outlook.com
442,MkfLLk,150.0,FEMALE,33648.0,IT,,mkfllk@outlook.com
443,wqySfa,150.0,male,0.0,HR,32-13-2020,wqySfa.com
177,FQJkdG,,M,0.0,,2019-03-27 00:00:00,fqjkdg@outlook.com
445,aOBOsg,-5.0,M,-1000.0,HR,,aOBOsg.com
446,UYCtxf,150.0,f,,Finance,32-13-2020,UYCtxf.com
369,ijAYMb,35.0,f,41196.0,IT,2018-01-27 00:00:00,ijaymb@yahoo.com
212,eGOWjl,-5.0,,99999999.0,Finance,2017-11-01 00:00:00,eGOWjl.com
449,uwXDNi,-5.0,Male,,Finance,32-13-2020,uwXDNi.com
450,tQVWOy,150.0,FEMALE,-1000.0,,2018-12-26 00:00:00,tQVWOy.com
435,uEhdYW,150.0,,82381.0,,2015-11-16 00:00:00,uehdyw@outlook.com
452,lDMFwR,,f,-1000.0,IT,,ldmfwr@gmail.com
385,dxQwxJ,-5.0,,-1000.0,Sales,,dxQwxJ.com
454,IlcRvI,33.0,,,Sales,,ilcrvi@gmail.com
128,nOXJcl,150.0,FEMALE,99999999.0,Finance,,noxjcl@outlook.com
427,JmmcZJ,,,97781.0,Sales,2016-11-19 00:00:00,JmmcZJ.com
457,iGzDUP,,male,99999999.0,IT,2016-07-18 00:00:00,iGzDUP.com
458,Nrjbjd,55.0,f,62156.0,Sales,2018-03-07 00:00:00,Nrjbjd.com
320,BjQFJC,-5.0,FEMALE,,IT,,bjqfjc@outlook.com
292,xxMyMy,-5.0,FEMALE,0.0,Finance,,xxMyMy.com
150,CVJluM,,,-1000.0,,32-13-2020,cvjlum@yahoo.com
324,uxxmCp,150.0,,-1000.0,Finance,2015-12-25 00:00:00,uxxmcp@gmail.com
290,niCsIH,,,-1000.0,Finance,32-13-2020,nicsih@gmail.com
464,OoAiHk,150.0,Male,99999999.0,IT,2022-08-12 00:00:00,ooaihk@outlook.com
465,VrfpSB,150.0,f,-1000.0,HR,2021-11-12 00:00:00,vrfpsb@gmail.com
466,xGfoXr,-5.0,male,,IT,2015-01-02 00:00:00,xGfoXr.com
419,uGFMSh,150.0,,-1000.0,HR,2021-04-23 00:00:00,uGFMSh.com
468,ZCQXxa,,f,-1000.0,,32-13-2020,ZCQXxa.com
469,hQWnMi,,,30729.0,Sales,2020-05-13 00:00:00,hqwnmi@gmail.com
470,ivjRYA,40.0,f,99999999.0,Sales,,ivjrya@yahoo.com
489,oVQQgf,150.0,,-1000.0,IT,,ovqqgf@yahoo.com
365,JxEFOu,150.0,M,99999999.0,IT,32-13-2020,jxefou@outlook.com
473,VIkTYh,-5.0,Male,-1000.0,,32-13-2020,VIkTYh.com
474,yBLDdx,150.0,Male,-1000.0,,32-13-2020,yblddx@gmail.com
475,AtrFEi,,,-1000.0,Sales,,atrfei@yahoo.com
483,bTZPVz,150.0,M,,HR,,btzpvz@yahoo.com
85,zOsUpH,-5.0,M,-1000.0,Sales,32-13-2020,zosuph@yahoo.com
99,ChRFih,-5.0,M,0.0,,,ChRFih.com
458,VLLGqi,150.0,M,0.0,HR,32-13-2020,vllgqi@yahoo.com
347,qtvkJy,150.0,M,72567.0,Sales,,qtvkjy@yahoo.com
211,zfUdvD,150.0,f,78454.0,IT,,zfudvd@outlook.com
155,dfPUEg,-5.0,,33833.0,IT,32-13-2020,dfpueg@yahoo.com
143,XwhBAa,,male,,Finance,32-13-2020,xwhbaa@outlook.com
13,eBrJmN,,,-1000.0,HR,2020-07-05 00:00:00,ebrjmn@outlook.com
193,FdASvm,-5.0,,30953.0,,2019-12-12 00:00:00,fdasvm@outlook.com
486,ETHzrZ,,male,99999999.0,HR,2016-05-07 00:00:00,ethzrz@gmail.com
245,kGGHlK,59.0,M,,HR,2018-01-18 00:00:00,kgghlk@outlook.com
149,RaoIco,,FEMALE,0.0,,,raoico@yahoo.com
70,NGXnvg,150.0,f,,,2021-07-25 00:00:00,ngxnvg@outlook.com
490,loryjQ,150.0,,25637.0,IT,2017-02-07 00:00:00,loryjq@outlook.com
491,dqIfHP,150.0,Male,,Sales,2020-12-31 00:00:00,dqIfHP.com
492,HQmlBQ,,M,-1000.0,,,hqmlbq@outlook.com
146,kAksnz,55.0,f,-1000.0,Finance,,kaksnz@gmail.com
494,CCKLDk,150.0,M,,IT,32-13-2020,cckldk@gmail.com
319,AgleoY,-5.0,Male,72575.0,Finance,,agleoy@outlook.com
496,dMaift,-5.0,FEMALE,,Sales,32-13-2020,dmaift@outlook.com
497,CZtWad,20.0,,99999999.0,IT,32-13-2020,CZtWad.com
498,qyxGFv,,male,0.0,Sales,,qyxGFv.com
206,PGPUAF,,Male,-1000.0,Sales,,PGPUAF.com
243,ACcYYc,23.0,male,,IT,32-13-2020,ACcYYc.com
501,NDvVMb,,f,0.0,Sales,,NDvVMb.com
385,WJkpJG,,f,54027.0,,2020-12-22 00:00:00,WJkpJG.com
503,rAkiIE,150.0,Male,99999999.0,,,rakiie@yahoo.com
504,MowztV,20.0,male,-1000.0,IT,32-13-2020,mowztv@yahoo.com
505,zhKHpF,-5.0,f,0.0,IT,32-13-2020,zhkhpf@gmail.com
451,Rxzguh,,f,58136.0,Sales,32-13-2020,rxzguh@outlook.com
507,qENhJZ,-5.0,Male,99999999.0,HR,,qenhjz@outlook.com
508,dnZevu,-5.0,male,0.0,Sales,2022-02-07 00:00:00,dnzevu@yahoo.com
509,vovjzR,150.0,f,86558.0,HR,32-13-2020,vovjzr@outlook.com
443,UZQdQV,-5.0,f,99999999.0,,2017-03-16 00:00:00,uzqdqv@yahoo.com
356,dPCaEZ,150.0,,99999999.0,Finance,2017-11-20 00:00:00,dpcaez@yahoo.com
184,pSBFKo,,,24934.0,HR,32-13-2020,pSBFKo.com
0,nxtkLY,37.0,f,-1000.0,IT,,nxtkLY.com
33,FfvHOu,150.0,f,99999999.0,IT,,ffvhou@yahoo.com
515,pjFeKj,-5.0,male,48831.0,Sales,32-13-2020,pjfekj@outlook.com
495,DpkApu,-5.0,f,-1000.0,Finance,,dpkapu@yahoo.com
517,wrxmjL,,FEMALE,99999999.0,Sales,2016-01-31 00:00:00,wrxmjl@gmail.com
518,GbNCXC,150.0,FEMALE,-1000.0,Finance,2022-01-12 00:00:00,gbncxc@yahoo.com
519,ESbWnF,,FEMALE,39611.0,IT,,ESbWnF.com
368,dXTsET,-5.0,f,-1000.0,HR,2020-05-07 00:00:00,dxtset@outlook.com
486,qVvxYj,-5.0,,,Finance,2021-04-29 00:00:00,qvvxyj@outlook.com
339,uwffgM,150.0,f,-1000.0,Sales,,uwffgm@gmail.com
42,wjdqye,47.0,male,0.0,HR,32-13-2020,wjdqye@gmail.com
524,gGZZmT,150.0,f,,Finance,32-13-2020,ggzzmt@yahoo.com
73,PzYfad,,FEMALE,,IT,,PzYfad.com
487,bFHMPM,,f,,,32-13-2020,bfhmpm@outlook.com
453,XidcnY,,,-1000.0,,32-13-2020,xidcny@yahoo.com
133,VOxYeO,,FEMALE,0.0,Sales,2017-06-09 00:00:00,voxyeo@yahoo.com
282,oIzKqp,150.0,FEMALE,-1000.0,Sales,,oIzKqp.com
489,VOzuVY,150.0,Male,99999999.0,HR,2019-03-08 00:00:00,vozuvy@gmail.com
141,krQiPg,-5.0,f,47239.0,Sales,32-13-2020,krqipg@gmail.com
282,fOtFaS,150.0,M,,,,fotfas@yahoo.com
371,czbfbj,22.0,M,0.0,Sales,32-13-2020,czbfbj@yahoo.com
208,ytHPWy,-5.0,FEMALE,0.0,,,ytHPWy.com
535,sYpWXe,150.0,Male,0.0,,32-13-2020,sypwxe@outlook.com
536,GHNvPr,,male,0.0,,2017-04-06 00:00:00,ghnvpr@yahoo.com
537,rRmpyN,,Male,,Finance,32-13-2020,rrmpyn@outlook.com
89,sGNMFe,,male,32372.0,Finance,32-13-2020,sgnmfe@outlook.com
487,xLQNTa,46.0,,,Finance,,xlqnta@gmail.com
193,ozDWyj,,Male,,HR,2021-10-24 00:00:00,ozDWyj.com
32,zHGCyB,,male,0.0,HR,2015-10-05 00:00:00,zhgcyb@outlook.com
99,YYtLUt,150.0,male,99999999.0,Sales,,yytlut@outlook.com
77,oyaIpO,-5.0,,99999999.0,IT,32-13-2020,oyaipo@gmail.com
494,eZieAg,150.0,Male,60245.0,Finance,,ezieag@yahoo.com
545,wQylJX,150.0,f,,Finance,,wqyljx@outlook.com
546,WBrlEV,150.0,M,,Sales,2022-09-13 00:00:00,wbrlev@yahoo.com
154,XNeYum,26.0,M,0.0,IT,,xneyum@outlook.com
153,TRcxwq,-5.0,f,0.0,Sales,2018-09-26 00:00:00,trcxwq@gmail.com
444,RtOhPQ,,Male,99999999.0,Finance,32-13-2020,rtohpq@outlook.com
550,yAlNZX,56.0,f,-1000.0,Finance,2022-08-27 00:00:00,yalnzx@outlook.com
373,gNJtYi,150.0,Male,99339.0,,,gNJtYi.com
552,zDbqCI,150.0,FEMALE,99999999.0,Sales,2021-02-18 00:00:00,zDbqCI.com
173,bYcSKo,44.0,Male,0.0,Sales,2015-03-31 00:00:00,bYcSKo.com
112,uvLFvO,150.0,f,99999999.0,Sales,,uvLFvO.com
555,jadQHu,,male,,HR,,jadqhu@yahoo.com
556,VrxOPb,39.0,M,,HR,,vrxopb@outlook.com
180,IUhpZL,19.0,f,99999999.0,IT,,iuhpzl@outlook.com
558,fPepSL,150.0,M,0.0,Sales,32-13-2020,fPepSL.com
396,yLQPah,-5.0,,74642.0,HR,2020-01-30 00:00:00,ylqpah@yahoo.com
339,sGmoPN,150.0,male,0.0,IT,,sgmopn@outlook.com
392,tbSjhv,39.0,male,,IT,,tbsjhv@gmail.com
223,ndmTdM,-5.0,Male,0.0,,2020-03-22 00:00:00,ndmtdm@outlook.com
449,MRRlkf,26.0,Male,99999999.0,Finance,,mrrlkf@gmail.com
564,lTZnaI,50.0,,64227.0,Finance,32-13-2020,lTZnaI.com
565,AGRuRp,,M,99999999.0,,2017-02-22 00:00:00,agrurp@yahoo.com
460,pqhiZl,150.0,male,99999999.0,Finance,2016-10-11 00:00:00,pqhizl@gmail.com
567,JcASba,-5.0,,0.0,HR,2021-08-28 00:00:00,jcasba@gmail.com
295,vfDSlb,39.0,,,Sales,2022-01-24 00:00:00,vfdslb@gmail.com
569,pNxnEo,-5.0,,87121.0,Sales,,pNxnEo.com
463,qCQzlv,-5.0,f,89331.0,,2016-06-28 00:00:00,qcqzlv@outlook.com
302,gKzGit,150.0,FEMALE,47572.0,IT,32-13-2020,gkzgit@outlook.com
340,qIZCDe,,f,0.0,HR,32-13-2020,qizcde@yahoo.com
573,cLoBJO,60.0,f,86459.0,,,clobjo@gmail.com
574,QBSPLg,24.0,Male,,Sales,32-13-2020,qbsplg@outlook.com
410,YIYFZh,-5.0,male,,Sales,32-13-2020,yiyfzh@yahoo.com
361,lUGNmt,,male,99999999.0,HR,,lugnmt@gmail.com
577,ZYKkwY,-5.0,male,99999999.0,Finance,2022-06-09 00:00:00,zykkwy@gmail.com
578,vjeEcO,150.0,,0.0,IT,2015-02-27 00:00:00,vjeeco@yahoo.com
427,NamzBM,,Male,,,,NamzBM.com
580,vdJDnh,54.0,Male,,IT,,vdjdnh@gmail.com
581,DKrTiP,150.0,M,99999999.0,Sales,,dkrtip@yahoo.com
129,CyGQAN,150.0,Male,61465.0,,,CyGQAN.com
583,lQOiuu,-5.0,M,-1000.0,HR,32-13-2020,lQOiuu.com
584,coVTEK,40.0,male,99999999.0,HR,32-13-2020,covtek@yahoo.com
585,vSKMpj,-5.0,,-1000.0,,32-13-2020,vskmpj@gmail.com
316,aaBQlh,-5.0,male,99999999.0,HR,32-13-2020,aaBQlh.com
40,HzDBTS,-5.0,f,78032.0,Sales,,hzdbts@gmail.com
588,jpysTV,60.0,Male,99999999.0,Sales,32-13-2020,jpystv@gmail.com
589,zleTsr,150.0,,0.0,,,zletsr@yahoo.com
590,rfjhER,,,0.0,Finance,2020-01-11 00:00:00,rfjher@outlook.com
253,WSJLiK,150.0,FEMALE,45610.0,HR,,wsjlik@yahoo.com
592,RJTBXb,45.0,Male,,Sales,2017-04-16 00:00:00,rjtbxb@outlook.com
593,VrOcWB,50.0,male,0.0,HR,2015-04-08 00:00:00,vrocwb@outlook.com
185,xpVCqL,,Male,99999999.0,IT,2022-04-13 00:00:00,xpVCqL.com
595,EMTgIU,-5.0,f,-1000.0,,2019-09-01 00:00:00,EMTgIU.com
596,MyIJin,29.0,M,22865.0,IT,32-13-2020,myijin@yahoo.com
45,sAuXRa,25.0,f,-1000.0,Sales,2020-07-06 00:00:00,sAuXRa.com
598,xnNXbU,31.0,f,44178.0,Finance,2020-09-16 00:00:00,xnNXbU.com
52,QBEDNG,-5.0,male,99999999.0,HR,,QBEDNG.com
281,EqQKbn,-5.0,f,99999999.0,,,eqqkbn@outlook.com
601,QXNHdg,60.0,M,58078.0,IT,,qxnhdg@outlook.com
602,JsQrRq,37.0,M,,Finance,2020-07-28 00:00:00,jsqrrq@yahoo.com
71,Tcrfil,60.0,FEMALE,,,,tcrfil@gmail.com
604,MlrwTl,31.0,M,0.0,Sales,,mlrwtl@gmail.com
605,WuOVHR,,FEMALE,0.0,Sales,2022-06-01 00:00:00,WuOVHR.com
606,NZBMqL,150.0,M,99999999.0,Finance,2023-01-07 00:00:00,nzbmql@yahoo.com
607,QiPeON,45.0,Male,,HR,32-13-2020,qipeon@yahoo.com
608,XAzOub,,f,99999999.0,IT,,XAzOub.com
609,ITApPu,150.0,M,98199.0,Finance,32-13-2020,itappu@gmail.com
610,bOVSFI,53.0,f,,HR,32-13-2020,bOVSFI.com
611,WsMiKL,-5.0,Male,95892.0,,2021-06-12 00:00:00,wsmikl@yahoo.com
612,eQBMHo,150.0,M,0.0,Finance,2020-04-07 00:00:00,eqbmho@yahoo.com
275,DukZNk,150.0,f,-1000.0,,2016-08-12 00:00:00,dukznk@gmail.com
496,WFrMnA,150.0,FEMALE,-1000.0,Sales,2019-06-25 00:00:00,wfrmna@gmail.com
310,qduqCb,-5.0,f,0.0,Finance,32-13-2020,qduqcb@gmail.com
616,IbTbFB,23.0,FEMALE,99999999.0,,32-13-2020,ibtbfb@gmail.com
617,RgYoEf,57.0,,,,32-13-2020,RgYoEf.com
64,VDGiMG,21.0,,-1000.0,Sales,2021-07-19 00:00:00,vdgimg@gmail.com
129,LLWfcS,-5.0,FEMALE,0.0,Finance,2021-09-08 00:00:00,llwfcs@yahoo.com
620,eseStw,150.0,male,99999999.0,HR,,esestw@outlook.com
194,BUHJKz,150.0,M,-1000.0,HR,32-13-2020,buhjkz@yahoo.com
622,HZbfPS,-5.0,FEMALE,0.0,Sales,32-13-2020,hzbfps@outlook.com
623,uoqPGP,-5.0,Male,,,2018-01-31 00:00:00,uoqpgp@outlook.com
624,eeyVMy,-5.0,Male,,HR,2020-12-11 00:00:00,eeyvmy@outlook.com
137,BKRbSg,-5.0,M,,Sales,32-13-2020,BKRbSg.com
626,pyCLfe,58.0,M,0.0,Finance,,pyclfe@gmail.com
246,NyWiSO,,FEMALE,64856.0,HR,,nywiso@gmail.com
320,LOrqIK,48.0,f,-1000.0,,32-13-2020,lorqik@outlook.com
49,YJDdIN,46.0,f,0.0,,2019-12-07 00:00:00,yjddin@outlook.com
630,TDcSay,34.0,M,-1000.0,Sales,2021-08-22 00:00:00,tdcsay@gmail.com
631,mChfqa,-5.0,FEMALE,99999999.0,Finance,2021-01-26 00:00:00,mchfqa@outlook.com
632,HQYLXB,150.0,,-1000.0,Finance,,hqylxb@yahoo.com
263,oVvTaN,-5.0,f,,IT,2022-06-18 00:00:00,ovvtan@outlook.com
634,DuvwPJ,24.0,M,-1000.0,IT,32-13-2020,duvwpj@yahoo.com
304,sBcoWP,-5.0,,99999999.0,HR,,sbcowp@outlook.com
636,ysvJIM,150.0,Male,76164.0,Finance,2016-07-31 00:00:00,ysvjim@gmail.com
444,RDKWhp,43.0,male,0.0,,32-13-2020,RDKWhp.com
157,LMSDZA,46.0,Male,,IT,32-13-2020,lmsdza@yahoo.com
334,biEaku,,Male,0.0,Sales,32-13-2020,bieaku@yahoo.com
231,NphKky,150.0,,99999999.0,HR,,nphkky@outlook.com
108,cHQKde,-5.0,male,-1000.0,Finance,2015-01-03 00:00:00,chqkde@yahoo.com
77,BRkvBD,40.0,FEMALE,32698.0,IT,,brkvbd@yahoo.com
419,ctPKKK,,,-1000.0,Sales,32-13-2020,ctPKKK.com
18,FmSLpD,150.0,M,,IT,,FmSLpD.com
645,fnVOkW,43.0,male,-1000.0,HR,32-13-2020,fnvokw@gmail.com
485,gaiYjh,-5.0,M,99999999.0,,,gaiyjh@yahoo.com
431,oWNSNe,150.0,M,-1000.0,Sales,2015-11-20 00:00:00,ownsne@yahoo.com
648,ngrfbN,,f,-1000.0,Finance,,ngrfbn@outlook.com
492,VVyFez,,FEMALE,0.0,Sales,2017-02-03 00:00:00,vvyfez@yahoo.com
650,fjECVK,150.0,f,32668.0,Sales,,fjecvk@gmail.com
651,IgRNLz,-5.0,f,-1000.0,Finance,,IgRNLz.com
652,oplSmD,42.0,FEMALE,67951.0,Sales,,oplSmD.com
653,WOanAJ,-5.0,Male,99999999.0,IT,2015-09-13 00:00:00,woanaj@outlook.com
463,ZOCswh,150.0,f,0.0,Sales,32-13-2020,zocswh@outlook.com
373,ZgzaHw,37.0,,-1000.0,Sales,2021-12-16 00:00:00,zgzahw@yahoo.com
656,kfKfpc,55.0,FEMALE,0.0,Sales,2015-05-20 00:00:00,kfkfpc@yahoo.com
657,RTEUPS,150.0,Male,,IT,,rteups@yahoo.com
658,EKMGHS,-5.0,M,99999999.0,HR,,EKMGHS.com
403,rnewou,,f,-1000.0,,2018-11-08 00:00:00,rnewou@outlook.com
660,dVrDru,,M,-1000.0,IT,32-13-2020,dVrDru.com
661,niVnnW,26.0,f,-1000.0,Sales,2015-12-29 00:00:00,nivnnw@yahoo.com
323,hEjiWP,150.0,male,,,32-13-2020,hejiwp@yahoo.com
663,QmbSlT,-5.0,Male,0.0,HR,32-13-2020,qmbslt@yahoo.com
123,vyncwb,150.0,Male,99999999.0,IT,32-13-2020,vyncwb@yahoo.com
289,sVAAgY,58.0,M,99999999.0,Finance,2015-01-05 00:00:00,svaagy@outlook.com
666,jiHHwN,150.0,male,,Sales,2019-02-21 00:00:00,jihhwn@gmail.com
667,wuIczv,150.0,M,99999999.0,IT,,wuiczv@gmail.com
311,ULkajF,,Male,0.0,Sales,32-13-2020,ulkajf@yahoo.com
321,LugCXn,-5.0,f,43822.0,,32-13-2020,LugCXn.com
311,osFwJa,21.0,male,-1000.0,IT,2020-08-27 00:00:00,osfwja@outlook.com
90,PbyBRd,58.0,Male,,,,pbybrd@outlook.com
672,DQAKMp,-5.0,male,,Sales,32-13-2020,dqakmp@gmail.com
673,VrNJjk,,f,0.0,,32-13-2020,vrnjjk@outlook.com
228,JWpSBX,,male,,IT,32-13-2020,jwpsbx@yahoo.com
675,YVlrFG,150.0,Male,-1000.0,Finance,32-13-2020,yvlrfg@yahoo.com
676,dQkyTo,,M,0.0,HR,32-13-2020,dqkyto@gmail.com
677,GLJBjH,-5.0,Male,-1000.0,Finance,32-13-2020,gljbjh@gmail.com
678,ThATzm,150.0,Male,,IT,,thatzm@outlook.com
166,zDaZuz,,Male,69584.0,Sales,32-13-2020,zdazuz@outlook.com
71,fedrAc,,FEMALE,0.0,,32-13-2020,fedrac@gmail.com
681,uijHCd,-5.0,FEMALE,99999999.0,,,uijhcd@gmail.com
682,KOepXG,,Male,99999999.0,Finance,32-13-2020,koepxg@yahoo.com
241,BvIKJp,150.0,FEMALE,,Finance,2016-12-23 00:00:00,bvikjp@gmail.com
684,kJaynA,57.0,Male,78002.0,Finance,,kJaynA.com
286,pBJZCy,150.0,,,IT,,pBJZCy.com
90,OfiXhy,-5.0,f,99999999.0,,,ofixhy@yahoo.com
138,mJNxyR,,male,47435.0,HR,,mjnxyr@gmail.com
688,WIIzrh,150.0,f,99999999.0,,,wiizrh@yahoo.com
282,phaVTr,150.0,f,-1000.0,IT,2019-07-27 00:00:00,phavtr@outlook.com
690,utUOPk,24.0,M,99999999.0,HR,32-13-2020,utuopk@gmail.com
691,iPOqBr,30.0,f,,IT,,iPOqBr.com
692,hIjugI,28.0,,,Finance,2020-01-25 00:00:00,hijugi@yahoo.com
693,CIctmM,150.0,male,-1000.0,Sales,2021-05-31 00:00:00,CIctmM.com
210,kBKvFf,,male,33300.0,,32-13-2020,kbkvff@yahoo.com
695,Pijipa,43.0,male,,IT,32-13-2020,pijipa@gmail.com
696,EOiMpL,150.0,,-1000.0,IT,,eoimpl@outlook.com
697,qjcZSe,,M,0.0,Sales,2016-08-02 00:00:00,qjczse@yahoo.com
40,rYGHHu,58.0,FEMALE,,IT,32-13-2020,ryghhu@gmail.com
289,uJEFnr,-5.0,Male,54521.0,Sales,32-13-2020,ujefnr@outlook.com
700,SRamOD,150.0,Male,0.0,Finance,,SRamOD.com
115,xJOHfR,,,99999999.0,Finance,2022-05-16 00:00:00,xjohfr@yahoo.com
389,EFJZce,-5.0,FEMALE,99999999.0,,,efjzce@gmail.com
703,tvZDTP,48.0,M,99999999.0,Sales,32-13-2020,tvzdtp@yahoo.com
704,OsPlbh,47.0,M,55969.0,IT,,osplbh@gmail.com
705,vcNMHI,57.0,Male,,HR,2020-01-27 00:00:00,vcNMHI.com
273,ocroki,150.0,M,0.0,HR,,ocroki@gmail.com
707,ySNywn,51.0,FEMALE,99999999.0,Finance,,ySNywn.com
25,TndOMY,40.0,Male,,,32-13-2020,tndomy@gmail.com
709,iniQHa,22.0,M,0.0,Sales,32-13-2020,iniqha@outlook.com
361,rcriuP,-5.0,,0.0,Finance,2021-01-18 00:00:00,rcriup@yahoo.com
391,AGszAl,150.0,,28560.0,Sales,32-13-2020,agszal@yahoo.com
712,vqjvFl,-5.0,,48097.0,Finance,,vqjvfl@gmail.com
713,qtJmHF,,Male,,HR,,qtJmHF.com
714,WZJxqt,-5.0,male,99999999.0,HR,32-13-2020,wzjxqt@yahoo.com
396,YjMLjA,-5.0,f,-1000.0,Sales,32-13-2020,yjmlja@outlook.com
716,SyoeKn,49.0,male,-1000.0,HR,,syoekn@outlook.com
717,jpUkZy,,,-1000.0,,2022-09-12 00:00:00,jpukzy@gmail.com
274,ubGTnj,26.0,f,0.0,Finance,,ubgtnj@yahoo.com
370,VERSsN,-5.0,f,-1000.0,,,verssn@gmail.com
419,LvetTN,150.0,male,99999999.0,Sales,,lvettn@yahoo.com
721,gXwRoh,,,-1000.0,Sales,2019-07-28 00:00:00,gxwroh@yahoo.com
240,OvtglY,30.0,FEMALE,0.0,Finance,2015-01-23 00:00:00,ovtgly@outlook.com
723,OeyYul,150.0,f,0.0,IT,2020-09-25 00:00:00,oeyyul@outlook.com
120,EZtRAU,150.0,f,99999999.0,,2019-11-01 00:00:00,eztrau@yahoo.com
201,dHLWih,-5.0,FEMALE,99999999.0,Sales,2018-12-17 00:00:00,dhlwih@outlook.com
726,vXNCbY,150.0,,,Sales,2015-06-21 00:00:00,vxncby@outlook.com
727,EvPFEK,,,37992.0,Sales,2021-04-23 00:00:00,evpfek@gmail.com
484,EeUARV,29.0,f,-1000.0,Finance,32-13-2020,eeuarv@gmail.com
438,NmPgsI,-5.0,M,-1000.0,Sales,,nmpgsi@gmail.com
730,QaqXky,150.0,Male,82830.0,HR,,qaqxky@gmail.com
373,qVjKoN,-5.0,M,,IT,,qvjkon@gmail.com
252,TugvIr,38.0,male,99999999.0,IT,32-13-2020,tugvir@gmail.com
123,NjqLoc,150.0,M,99999999.0,Finance,2021-04-16 00:00:00,njqloc@yahoo.com
416,kCOtWJ,150.0,FEMALE,67301.0,Sales,,kcotwj@yahoo.com
311,LDpCGs,38.0,Male,0.0,,,LDpCGs.com
736,zNhOYS,,f,-1000.0,Finance,32-13-2020,znhoys@gmail.com
737,qCDcDw,-5.0,male,,Finance,32-13-2020,qcdcdw@gmail.com
738,MYuhLw,41.0,Male,,Finance,32-13-2020,MYuhLw.com
739,GhfoMg,32.0,Male,22906.0,IT,2016-04-19 00:00:00,ghfomg@gmail.com
473,seDRbC,-5.0,FEMALE,99999999.0,Sales,,sedrbc@outlook.com
741,DGfwcN,,,70152.0,,2016-02-24 00:00:00,DGfwcN.com
240,vZxRGR,,male,,IT,,vzxrgr@outlook.com
743,JuUuHb,,FEMALE,-1000.0,Sales,32-13-2020,juuuhb@outlook.com
343,zhMvho,46.0,f,-1000.0,IT,2017-12-31 00:00:00,zhmvho@gmail.com
463,IAwSmh,,M,,,2019-01-24 00:00:00,iawsmh@gmail.com
746,SpRqjK,34.0,,99999999.0,Finance,2018-03-20 00:00:00,sprqjk@outlook.com
747,DBQJlj,,male,0.0,,32-13-2020,dbqjlj@outlook.com
748,CVncHx,-5.0,Male,-1000.0,Finance,2018-09-28 00:00:00,cvnchx@gmail.com
143,nMZzFf,29.0,male,,,,nmzzff@gmail.com
277,eBJNef,,,80075.0,Sales,2015-10-20 00:00:00,ebjnef@gmail.com
751,Sqrtqx,,,-1000.0,HR,32-13-2020,sqrtqx@outlook.com
48,ZbZaOA,,f,0.0,,,zbzaoa@yahoo.com
753,AOYJGa,,FEMALE,99999999.0,Sales,,aoyjga@yahoo.com
118,DsEjVQ,,f,-1000.0,Finance,2015-10-03 00:00:00,DsEjVQ.com
755,aCtbsw,150.0,M,91927.0,Finance,32-13-2020,actbsw@yahoo.com
756,Autmjf,48.0,M,63718.0,HR,2018-05-23 00:00:00,Autmjf.com
757,XjVxPj,,Male,,HR,,xjvxpj@outlook.com
758,ZPvDIg,-5.0,M,99999999.0,,32-13-2020,zpvdig@outlook.com
759,qxPAIp,26.0,Male,81436.0,Finance,,qxpaip@outlook.com
760,dSQFtT,150.0,f,98833.0,Finance,2022-04-05 00:00:00,dsqftt@yahoo.com
127,pHFgny,,f,99999999.0,HR,2020-07-24 00:00:00,phfgny@gmail.com
762,YimrGx,-5.0,f,36439.0,,32-13-2020,yimrgx@gmail.com
763,KYTptX,150.0,male,48071.0,HR,,kytptx@gmail.com
764,elIcgh,,M,0.0,IT,,elicgh@yahoo.com
12,rRZWhK,54.0,Male,-1000.0,IT,32-13-2020,rrzwhk@yahoo.com
245,CHukyX,,male,50344.0,IT,,chukyx@yahoo.com
26,bjSWdS,-5.0,male,99999999.0,Finance,,bjswds@outlook.com
139,JEPdyA,,male,99999999.0,,,jepdya@gmail.com
500,SliGvB,35.0,Male,99999999.0,IT,,sligvb@yahoo.com
291,NZvYqo,150.0,male,-1000.0,HR,,nzvyqo@outlook.com
771,gTFPJA,-5.0,,99999999.0,Sales,32-13-2020,gtfpja@yahoo.com
327,aRrsbA,-5.0,FEMALE,0.0,Finance,2017-11-24 00:00:00,arrsba@yahoo.com
68,CalISm,150.0,FEMALE,81392.0,HR,,calism@yahoo.com
399,UtBIov,,M,-1000.0,IT,,UtBIov.com
325,cnKDnN,39.0,FEMALE,99999999.0,Finance,,cnkdnn@outlook.com
371,LoUpBo,,,98476.0,Finance,,loupbo@outlook.com
777,YOOgyg,19.0,Male,,,2015-12-07 00:00:00,yoogyg@gmail.com
391,Ffqlbt,21.0,f,0.0,,2020-09-30 00:00:00,ffqlbt@yahoo.com
277,YtTFRn,-5.0,,76225.0,Finance,2020-01-05 00:00:00,yttfrn@gmail.com
329,qFVjqA,,f,0.0,Sales,,qfvjqa@yahoo.com
781,TNEYDU,-5.0,M,,Finance,32-13-2020,tneydu@outlook.com
782,BLaGDb,,FEMALE,-1000.0,IT,32-13-2020,BLaGDb.com
783,jvYxFW,,FEMALE,69436.0,,2020-10-16 00:00:00,jvyxfw@outlook.com
784,wwUbDX,49.0,male,20444.0,,2021-04-26 00:00:00,wwubdx@outlook.com
23,GnGePI,60.0,FEMALE,0.0,HR,32-13-2020,gngepi@yahoo.com
243,OMNEUX,150.0,FEMALE,34995.0,Sales,2020-09-22 00:00:00,omneux@yahoo.com
787,eDOeGs,,M,,Finance,2020-02-20 00:00:00,edoegs@yahoo.com
259,QMbIfv,53.0,FEMALE,99999999.0,Finance,32-13-2020,QMbIfv.com
22,VyLJCi,150.0,M,-1000.0,Sales,2022-12-07 00:00:00,vyljci@outlook.com
94,KuaMgF,,male,-1000.0,IT,,kuamgf@outlook.com
460,icIaiH,34.0,,99999999.0,Finance,2021-02-02 00:00:00,iciaih@gmail.com
385,ipvlRf,-5.0,M,-1000.0,Finance,,ipvlrf@outlook.com
793,KCVkwL,41.0,M,-1000.0,,,kcvkwl@outlook.com
355,lDhcXM,47.0,M,84661.0,Sales,,ldhcxm@outlook.com
795,wqlqIK,150.0,male,99999999.0,IT,32-13-2020,wqlqIK.com
25,pkPrQZ,,male,-1000.0,Finance,32-13-2020,pkPrQZ.com
430,YLTzrv,150.0,FEMALE,99999999.0,HR,2020-09-28 00:00:00,YLTzrv.com
401,TliUNE,27.0,FEMALE,-1000.0,,,tliune@yahoo.com
349,brbIwS,-5.0,male,21813.0,IT,32-13-2020,brbiws@outlook.com
149,iNDcYs,-5.0,FEMALE,0.0,,2019-05-11 00:00:00,indcys@outlook.com
801,SqIoYp,-5.0,FEMALE,99999999.0,HR,2022-10-17 00:00:00,sqioyp@gmail.com
261,JDxcvz,18.0,M,99999999.0,Sales,32-13-2020,jdxcvz@outlook.com
803,LfgvYB,52.0,f,49994.0,HR,32-13-2020,lfgvyb@gmail.com
403,sKSixb,,,,IT,32-13-2020,sksixb@outlook.com
805,MIkmiX,36.0,Male,,,2015-06-08 00:00:00,mikmix@yahoo.com
806,xKDVXa,51.0,,-1000.0,HR,,xKDVXa.com
467,sdEFCD,-5.0,,95843.0,,,sdefcd@outlook.com
223,vYFQyx,26.0,FEMALE,67973.0,Sales,,vYFQyx.com
809,MxehBu,,M,-1000.0,,,MxehBu.com
810,LicxCc,,FEMALE,0.0,IT,32-13-2020,licxcc@gmail.com
447,ZSFZCq,33.0,f,0.0,IT,,ZSFZCq.com
69,yOawxP,150.0,,22940.0,,32-13-2020,yoawxp@gmail.com
813,ihRTRm,,male,50502.0,Sales,32-13-2020,ihRTRm.com
485,WLcqFg,-5.0,f,0.0,IT,32-13-2020,wlcqfg@outlook.com
815,iLRQVe,-5.0,Male,97280.0,Finance,32-13-2020,iLRQVe.com
476,sEjXVQ,42.0,Male,-1000.0,,,sejxvq@outlook.com
817,vhBTSi,,,,IT,2019-01-05 00:00:00,vhBTSi.com
818,YNdcMl,,male,-1000.0,,,yndcml@outlook.com
819,nJimtr,-5.0,Male,,,,njimtr@gmail.com
113,ivRArD,150.0,,88633.0,IT,32-13-2020,ivrard@gmail.com
228,BkSHoY,-5.0,M,-1000.0,Finance,2018-01-08 00:00:00,BkSHoY.com
184,qwhNSn,31.0,M,99999999.0,,2017-01-24 00:00:00,qwhnsn@outlook.com
423,DEIqBs,-5.0,,,,32-13-2020,deiqbs@gmail.com
824,XxxFWm,60.0,M,-1000.0,HR,,xxxfwm@yahoo.com
825,LrLnUj,150.0,FEMALE,-1000.0,IT,,lrlnuj@outlook.com
826,GosZWW,45.0,male,-1000.0,Finance,2022-05-25 00:00:00,goszww@yahoo.com
345,lwbMYy,-5.0,male,40311.0,Sales,2019-10-11 00:00:00,lwbmyy@outlook.com
232,KJYuIA,,f,99999999.0,HR,,kjyuia@outlook.com
487,YWVCVI,44.0,f,0.0,HR,32-13-2020,ywvcvi@yahoo.com
54,VLcpxL,,Male,,IT,32-13-2020,vlcpxl@yahoo.com
370,POxJKr,-5.0,f,-1000.0,Finance,,poxjkr@outlook.com
494,YuWwCJ,150.0,Male,43796.0,Finance,,yuwwcj@outlook.com
833,QBUcBD,150.0,,30562.0,IT,2022-10-07 00:00:00,qbucbd@outlook.com
834,GrNcmx,-5.0,f,,HR,2015-06-21 00:00:00,grncmx@gmail.com
113,wOKTRI,-5.0,male,0.0,,32-13-2020,woktri@gmail.com
462,uunzUv,,f,0.0,HR,2019-07-19 00:00:00,uunzUv.com
393,KbPVEx,150.0,male,0.0,Finance,2015-02-24 00:00:00,KbPVEx.com
429,CMHmKy,-5.0,f,,,2021-12-16 00:00:00,cmhmky@gmail.com
277,HnhMNR,55.0,male,-1000.0,HR,32-13-2020,hnhmnr@outlook.com
362,TGpbhU,150.0,FEMALE,,,,TGpbhU.com
841,YLbCkI,33.0,,-1000.0,,,ylbcki@outlook.com
17,XHlZFs,,Male,68797.0,Finance,32-13-2020,xhlzfs@yahoo.com
353,IeJGPx,-5.0,male,99999999.0,Finance,32-13-2020,IeJGPx.com
354,lqNwUC,150.0,,,Finance,32-13-2020,lqnwuc@gmail.com
845,pNAgic,31.0,f,-1000.0,IT,,pnagic@outlook.com
191,JuEsKf,150.0,Male,99999999.0,Finance,,jueskf@yahoo.com
847,DpYioZ,,male,,Finance,32-13-2020,dpyioz@gmail.com
127,Fbzlhq,,M,0.0,Finance,2020-09-15 00:00:00,fbzlhq@gmail.com
355,CyQvyL,150.0,male,81317.0,,,CyQvyL.com
217,tGXFjg,40.0,male,99999999.0,Finance,,tgxfjg@yahoo.com
472,nbXdJY,,Male,0.0,,32-13-2020,nbxdjy@gmail.com
453,YNJIXH,-5.0,f,0.0,,,ynjixh@yahoo.com
853,MSEqUl,150.0,Male,88784.0,Finance,2022-01-24 00:00:00,MSEqUl.com
114,ygZkyc,,f,0.0,IT,32-13-2020,ygzkyc@gmail.com
432,gWRZzA,,f,0.0,Sales,2021-12-20 00:00:00,gWRZzA.com
856,bqhMdm,46.0,male,-1000.0,Sales,32-13-2020,bqhmdm@outlook.com
444,dkLSaX,150.0,f,,Finance,32-13-2020,dkLSaX.com
473,nlmdcp,40.0,,-1000.0,Finance,,nlmdcp@gmail.com
319,CvECUa,,Male,-1000.0,Sales,,cvecua@yahoo.com
96,GCkOUu,,Male,0.0,Finance,32-13-2020,gckouu@yahoo.com
245,xcMrqU,150.0,,99999999.0,IT,32-13-2020,xcMrqU.com
432,DgGKnR,-5.0,FEMALE,45839.0,Sales,32-13-2020,dggknr@gmail.com
863,UsqsKv,27.0,,,,2017-12-22 00:00:00,usqskv@gmail.com
72,cCdDrM,37.0,male,99999999.0,,2021-07-29 00:00:00,ccddrm@yahoo.com
865,CgsvSJ,41.0,male,80558.0,IT,,cgsvsj@outlook.com
866,dCqRzz,-5.0,FEMALE,,Sales,2022-08-29 00:00:00,dcqrzz@yahoo.com
867,PucABU,-5.0,,34870.0,HR,2022-04-01 00:00:00,pucabu@yahoo.com
294,PoitSV,150.0,f,73886.0,IT,,poitsv@yahoo.com
309,wSxOgY,-5.0,Male,85882.0,Sales,32-13-2020,wSxOgY.com
110,fDvmSB,60.0,Male,99999999.0,IT,,fdvmsb@yahoo.com
297,FbsYlx,-5.0,male,76414.0,Sales,32-13-2020,FbsYlx.com
872,LBbyjm,150.0,Male,,Sales,,LBbyjm.com
873,IbscNt,23.0,,99999999.0,,,ibscnt@yahoo.com
67,TOHori,-5.0,FEMALE,99999999.0,HR,32-13-2020,TOHori.com
875,XORPJi,150.0,FEMALE,66056.0,Finance,,xorpji@outlook.com
876,hQdOxn,150.0,f,,Finance,,hqdoxn@gmail.com
877,KSqKfq,150.0,M,,Finance,32-13-2020,ksqkfq@gmail.com
494,mtMnwm,38.0,M,,IT,,mtMnwm.com
879,BckTzu,25.0,,,IT,32-13-2020,BckTzu.com
198,TbiQDx,150.0,FEMALE,,,32-13-2020,tbiqdx@outlook.com
209,PEBuCx,,male,-1000.0,Sales,2018-07-28 00:00:00,pebucx@yahoo.com
442,OGjDwZ,,Male,0.0,Sales,2018-09-10 00:00:00,ogjdwz@gmail.com
59,HcEneW,150.0,male,-1000.0,Finance,32-13-2020,hcenew@outlook.com
884,JqpXjF,150.0,f,,,,jqpxjf@yahoo.com
392,LTmAgZ,-5.0,,87907.0,Sales,2017-09-25 00:00:00,ltmagz@gmail.com
465,NxtFLT,,Male,38025.0,Finance,,nxtflt@gmail.com
887,YSewnM,-5.0,male,,HR,2016-05-19 00:00:00,ysewnm@gmail.com
888,PmOyIc,-5.0,Male,-1000.0,Sales,32-13-2020,PmOyIc.com
889,HoQEar,37.0,M,72724.0,IT,32-13-2020,HoQEar.com
43,LiDerQ,150.0,M,-1000.0,HR,2022-06-16 00:00:00,liderq@outlook.com
891,hjYIDr,-5.0,Male,0.0,IT,,hjyidr@gmail.com
125,WPdstQ,150.0,Male,,IT,2016-01-09 00:00:00,wpdstq@yahoo.com
379,OoFjSc,,M,73920.0,IT,32-13-2020,oofjsc@outlook.com
894,rbNMCC,20.0,FEMALE,99999999.0,Finance,2017-02-28 00:00:00,rbnmcc@outlook.com
895,gNtzIv,,male,-1000.0,Finance,32-13-2020,gntziv@yahoo.com
375,DvJNuF,,M,-1000.0,Finance,2016-07-30 00:00:00,dvjnuf@outlook.com
36,aNWtoa,57.0,FEMALE,99999999.0,,2021-05-05 00:00:00,anwtoa@yahoo.com
68,xDBTqi,150.0,,-1000.0,Finance,32-13-2020,xdbtqi@yahoo.com
285,OqsJBD,,FEMALE,0.0,Sales,32-13-2020,oqsjbd@outlook.com
900,NHfubt,,M,0.0,,2022-08-05 00:00:00,nhfubt@yahoo.com
418,PqBjsh,24.0,M,99999999.0,Sales,2017-12-07 00:00:00,pqbjsh@gmail.com
356,xMRMZR,,M,-1000.0,Finance,,xmrmzr@yahoo.com
249,BIQsUO,43.0,,65243.0,HR,,biqsuo@outlook.com
253,Mfawfb,150.0,male,-1000.0,HR,2021-01-23 00:00:00,Mfawfb.com
390,SmTLmc,,f,0.0,IT,32-13-2020,SmTLmc.com
496,KvQKCf,150.0,f,-1000.0,,,kvqkcf@yahoo.com
496,XrqGaN,,FEMALE,,Sales,,xrqgan@yahoo.com
52,GBqisu,,FEMALE,0.0,Sales,2017-08-17 00:00:00,gbqisu@yahoo.com
500,HIdidc,-5.0,male,-1000.0,IT,,hididc@yahoo.com
153,jlJKep,33.0,male,0.0,,,jljkep@gmail.com
245,fUTWhc,-5.0,M,92171.0,,,futwhc@gmail.com
912,CDKpyU,150.0,FEMALE,99999999.0,HR,,cdkpyu@outlook.com
913,GgypGp,31.0,f,38839.0,,2022-03-06 00:00:00,GgypGp.com
914,HYzOJS,44.0,M,99999999.0,,32-13-2020,hyzojs@gmail.com
40,HnCpJe,22.0,male,99999999.0,Sales,2018-01-21 00:00:00,hncpje@outlook.com
916,RTgZSm,-5.0,,,HR,32-13-2020,RTgZSm.com
917,BjPSVn,27.0,f,99999999.0,,2022-02-18 00:00:00,bjpsvn@gmail.com
347,GhRGCu,150.0,M,28914.0,,2020-05-02 00:00:00,GhRGCu.com
412,DHiNyb,150.0,Male,,IT,,dhinyb@yahoo.com
920,CVXLej,-5.0,Male,99999999.0,,2016-02-21 00:00:00,cvxlej@gmail.com
921,THomuV,22.0,male,99999999.0,,2015-12-01 00:00:00,THomuV.com
415,peBVlE,34.0,FEMALE,0.0,HR,2019-09-01 00:00:00,pebvle@gmail.com
923,Yfzhgc,150.0,FEMALE,,HR,2020-09-21 00:00:00,yfzhgc@yahoo.com
493,PSVoGC,,male,99999999.0,Sales,2016-07-24 00:00:00,psvogc@outlook.com
150,aGFabJ,-5.0,FEMALE,-1000.0,HR,2019-03-23 00:00:00,agfabj@outlook.com
16,WOIFdq,45.0,M,99999999.0,HR,,woifdq@yahoo.com
927,lFFbyt,,male,,,,lffbyt@outlook.com
449,vlYzTh,,M,0.0,HR,,vlyzth@gmail.com
929,Cqeuvm,-5.0,M,-1000.0,Sales,32-13-2020,cqeuvm@gmail.com
201,FukYkX,150.0,Male,38712.0,Finance,2019-06-07 00:00:00,fukykx@yahoo.com
398,zirPkP,57.0,FEMALE,0.0,Finance,2015-04-13 00:00:00,zirPkP.com
13,YgBJQf,-5.0,male,56285.0,HR,32-13-2020,ygbjqf@gmail.com
482,zGhMRM,-5.0,Male,99999999.0,IT,32-13-2020,zghmrm@outlook.com
934,TClBbZ,50.0,male,99999999.0,Finance,32-13-2020,tclbbz@outlook.com
350,xyuGQX,,FEMALE,99999999.0,Sales,,xyugqx@yahoo.com
283,Tbdbiv,-5.0,Male,,HR,32-13-2020,tbdbiv@outlook.com
94,fUKtuR,43.0,f,-1000.0,HR,,fuktur@yahoo.com
938,DXVFvJ,-5.0,f,-1000.0,Finance,2021-03-11 00:00:00,DXVFvJ.com
939,bwqDJa,,f,99999999.0,IT,,bwqdja@gmail.com
940,ZKgMYm,150.0,Male,,Finance,32-13-2020,zkgmym@gmail.com
941,VmEzWJ,150.0,M,-1000.0,Sales,32-13-2020,VmEzWJ.com
128,SGexSx,150.0,M,-1000.0,Finance,32-13-2020,sgexsx@yahoo.com
943,EdIpIu,150.0,FEMALE,99999999.0,,2020-02-13 00:00:00,edipiu@yahoo.com
65,AfFrxK,42.0,f,99999999.0,HR,2019-07-08 00:00:00,AfFrxK.com
945,fAHHPC,56.0,M,0.0,Sales,32-13-2020,fahhpc@yahoo.com
303,kRdOsj,,M,0.0,Finance,,krdosj@yahoo.com
126,EcrVaa,,M,,Finance,32-13-2020,EcrVaa.com
948,EWpUHx,150.0,,52715.0,,32-13-2020,ewpuhx@outlook.com
949,ulzKcn,-5.0,,0.0,Finance,2022-06-06 00:00:00,ulzKcn.com
950,UhLank,150.0,M,99999999.0,,32-13-2020,uhlank@outlook.com
951,siwgSc,-5.0,M,99999999.0,Sales,32-13-2020,siwgsc@gmail.com
952,eMshcI,55.0,Male,0.0,HR,32-13-2020,emshci@outlook.com
953,EClMeH,,M,0.0,,,eclmeh@gmail.com
954,yqiMvc,,FEMALE,-1000.0,IT,32-13-2020,yqiMvc.com
369,drNibK,,male,68641.0,,32-13-2020,drnibk@gmail.com
956,cgjZkr,-5.0,f,99999999.0,,2019-11-23 00:00:00,cgjzkr@outlook.com
372,SJlqHG,,,20044.0,Finance,32-13-2020,SJlqHG.com
311,myXbXM,-5.0,Male,50234.0,HR,32-13-2020,myxbxm@gmail.com
52,cMeHBI,26.0,male,49611.0,HR,32-13-2020,cmehbi@gmail.com
378,cJycAZ,150.0,Male,99999999.0,Finance,,cjycaz@gmail.com
961,DOkGrF,25.0,f,-1000.0,IT,2020-05-26 00:00:00,dokgrf@yahoo.com
962,ysdwEx,-5.0,M,-1000.0,Sales,,ysdwEx.com
963,sPQjRr,150.0,M,,HR,2015-07-13 00:00:00,spqjrr@outlook.com
964,hQaKea,-5.0,FEMALE,0.0,,2022-02-12 00:00:00,hqakea@outlook.com
391,TsqaqP,150.0,male,0.0,Sales,32-13-2020,tsqaqp@yahoo.com
273,cfbtNb,44.0,FEMALE,99999999.0,Sales,2018-11-02 00:00:00,cfbtnb@outlook.com
967,bzoDDs,-5.0,M,,Sales,,bzodds@outlook.com
468,HGqdok,,,24712.0,HR,,hgqdok@outlook.com
969,ZEoLMH,-5.0,M,-1000.0,HR,2016-01-29 00:00:00,zeolmh@outlook.com
476,brYySu,42.0,male,65250.0,Sales,32-13-2020,bryysu@outlook.com
439,qRGHdp,,FEMALE,-1000.0,Sales,,qrghdp@outlook.com
972,jIQlwT,23.0,Male,,,32-13-2020,jiqlwt@yahoo.com
170,SSbxod,56.0,male,0.0,Finance,2016-02-18 00:00:00,ssbxod@gmail.com
974,AUkIvj,,,0.0,IT,32-13-2020,aukivj@yahoo.com
15,mgFJIS,57.0,,73194.0,IT,2019-10-20 00:00:00,mgfjis@gmail.com
72,cFJTRG,,M,-1000.0,IT,32-13-2020,cFJTRG.com
467,fsywXy,59.0,f,67903.0,Finance,2020-02-13 00:00:00,fsywxy@outlook.com
978,oxvcgu,,,0.0,,2022-09-30 00:00:00,oxvcgu@yahoo.com
266,xGEBqV,-5.0,Male,,IT,,xGEBqV.com
980,rRZKgR,-5.0,FEMALE,80724.0,Sales,32-13-2020,rrzkgr@outlook.com
981,eiHeGp,46.0,M,99999999.0,HR,2022-01-18 00:00:00,eihegp@yahoo.com
475,hrbXUf,150.0,f,99999999.0,HR,,hrbxuf@yahoo.com
225,ORdiyV,-5.0,FEMALE,-1000.0,HR,,ORdiyV.com
279,nTwOco,59.0,FEMALE,,,,ntwoco@gmail.com
985,FhhrIL,150.0,male,47545.0,Finance,,fhhril@outlook.com
986,HfbPEp,150.0,male,0.0,IT,2020-01-22 00:00:00,hfbpep@outlook.com
368,JKBQix,150.0,male,99999999.0,Sales,2017-03-02 00:00:00,JKBQix.com
988,jkyImc,,male,99999999.0,IT,2018-12-22 00:00:00,jkyimc@yahoo.com
494,XFwQgs,-5.0,FEMALE,-1000.0,HR,,xfwqgs@outlook.com
176,TOKYSK,150.0,,,Sales,2018-07-12 00:00:00,tokysk@gmail.com
991,jnOzXv,,Male,95109.0,HR,,jnozxv@gmail.com
992,mrASqi,-5.0,M,0.0,Finance,2020-09-14 00:00:00,mrasqi@outlook.com
436,niJDhu,150.0,Male,,Finance,2017-12-15 00:00:00,nijdhu@outlook.com
994,IruyqI,,,,HR,2019-04-22 00:00:00,iruyqi@yahoo.com
411,OUhIMx,57.0,Male,,Sales,32-13-2020,ouhimx@gmail.com
996,wlBolg,34.0,male,,IT,2019-10-02 00:00:00,wlbolg@yahoo.com
997,FFptHU,150.0,Male,0.0,,32-13-2020,ffpthu@yahoo.com
155,HWXczJ,,FEMALE,,IT,2022-01-11 00:00:00,hwxczj@outlook.com
20,MwXQVP,150.0,male,63988.0,HR,2017-01-04 00:00:00,mwxqvp@outlook.com
1000,kbaDxK,22.0,M,99999999.0,IT,2021-05-25 00:00:00,kbaDxK.com
384,YacLvY,,,-1000.0,,2022-01-13 00:00:00,yaclvy@gmail.com
297,mCHSCV,46.0,Male,,Finance,2015-08-09 00:00:00,mCHSCV.com
1003,HwlqSp,-5.0,FEMALE,,HR,2021-02-20 00:00:00,hwlqsp@gmail.com
159,zZkzbf,35.0,,0.0,IT,2022-02-21 00:00:00,zzkzbf@gmail.com
1005,fpoodH,,Male,33854.0,Sales,,fpoodh@gmail.com
315,lsbsbG,32.0,f,,Sales,,lsbsbG.com
403,gffqjk,150.0,FEMALE,-1000.0,Sales,2018-01-13 00:00:00,gffqjk@gmail.com
211,GFIJml,,FEMALE,0.0,HR,32-13-2020,gfijml@outlook.com
448,aVprrr,,M,,IT,2022-03-29 00:00:00,avprrr@outlook.com
296,CIBQne,51.0,,-1000.0,HR,,cibqne@outlook.com
330,aavKpw,-5.0,FEMALE,,Finance,2016-04-29 00:00:00,aavKpw.com
1012,ywpGvh,150.0,f,99999999.0,HR,32-13-2020,ywpGvh.com
1013,TLbPUL,36.0,FEMALE,-1000.0,Finance,32-13-2020,tlbpul@outlook.com
1014,KlaxBK,-5.0,M,99999999.0,Sales,32-13-2020,klaxbk@outlook.com
78,WOOsda,,f,69407.0,HR,2021-04-15 00:00:00,woosda@gmail.com
1016,SKTCmL,150.0,FEMALE,25904.0,HR,,sktcml@outlook.com
1017,enFTCr,150.0,M,-1000.0,Sales,2020-04-02 00:00:00,enftcr@gmail.com
73,ZuHLUh,-5.0,,0.0,Finance,32-13-2020,zuhluh@outlook.com
1019,MJnojI,150.0,male,66868.0,IT,,mjnoji@yahoo.com
1020,nTRCAM,,f,99999999.0,HR,2017-11-02 00:00:00,ntrcam@gmail.com
1021,yMxWRg,48.0,Male,99999999.0,Finance,32-13-2020,ymxwrg@yahoo.com
1022,eDWDiK,,f,-1000.0,Finance,2015-09-09 00:00:00,edwdik@gmail.com
1023,nxBeYO,150.0,M,0.0,HR,,nxbeyo@yahoo.com
1024,pbbDPa,,male,0.0,Finance,,pbbdpa@gmail.com
1025,ShIQuh,-5.0,f,-1000.0,Sales,32-13-2020,shiquh@yahoo.com
130,OLSJXF,150.0,male,0.0,Finance,32-13-2020,olsjxf@yahoo.com
1027,inyRQy,150.0,male,-1000.0,IT,,inyRQy.com
355,TMFjhA,,FEMALE,,IT,,tmfjha@outlook.com
457,loPfBK,,M,73497.0,HR,2022-10-20 00:00:00,lopfbk@outlook.com
1030,ZRcSzq,150.0,FEMALE,-1000.0,Sales,32-13-2020,zrcszq@gmail.com
375,uiKUfX,150.0,,89496.0,IT,32-13-2020,uikufx@yahoo.com
1032,OhKNcG,150.0,M,0.0,HR,32-13-2020,ohkncg@gmail.com
1033,KpaDPx,53.0,FEMALE,-1000.0,Sales,32-13-2020,kpadpx@gmail.com
408,JIwTQa,,male,32880.0,IT,32-13-2020,jiwtqa@yahoo.com
332,BeGSeS,-5.0,f,,Finance,32-13-2020,BeGSeS.com
409,lRgVvN,-5.0,f,,HR,,lRgVvN.com
117,cazcFP,43.0,Male,,Sales,32-13-2020,cazcfp@gmail.com
456,XWGVcf,-5.0,,,HR,32-13-2020,xwgvcf@outlook.com
366,VlAdvP,,Male,0.0,,,VlAdvP.com
1040,oVESMl,150.0,Male,,Sales,,ovesml@yahoo.com
1041,SBytLE,150.0,FEMALE,-1000.0,Finance,2016-10-19 00:00:00,sbytle@gmail.com
1042,pdInBn,26.0,male,,Finance,,pdinbn@yahoo.com
381,hCMsCb,150.0,male,,Finance,32-13-2020,hCMsCb.com
54,jvHqai,,f,,,32-13-2020,jvHqai.com
1045,rsZPdW,,FEMALE,,IT,,rszpdw@outlook.com
315,aIJudP,41.0,male,-1000.0,Finance,32-13-2020,aIJudP.com
375,LzIDve,24.0,male,99999999.0,Finance,,LzIDve.com
1048,fFsBpL,,male,99999999.0,Sales,,fFsBpL.com
1049,TxuDcg,150.0,FEMALE,90284.0,Finance,2018-03-19 00:00:00,TxuDcg.com
1050,XDviHG,18.0,f,-1000.0,,2015-01-02 00:00:00,xdvihg@gmail.com
1051,pCDzfY,150.0,Male,,IT,2017-04-25 00:00:00,pcdzfy@yahoo.com
1052,FDIWGW,150.0,male,31008.0,IT,,fdiwgw@gmail.com
1053,DDYgsB,,Male,99999999.0,Sales,,ddygsb@outlook.com
1054,AweaFU,,,53849.0,IT,32-13-2020,AweaFU.com
1055,uJuqoq,45.0,M,0.0,Finance,2015-08-06 00:00:00,ujuqoq@gmail.com
465,HSlqeW,-5.0,male,0.0,,32-13-2020,hslqew@outlook.com
138,RpJrQe,-5.0,,0.0,IT,2017-07-28 00:00:00,rpjrqe@gmail.com
476,lHmUyJ,150.0,f,-1000.0,,,lhmuyj@gmail.com
265,LcUZUD,150.0,M,-1000.0,Sales,,lcuzud@yahoo.com
13,IYIBgW,150.0,f,99999999.0,HR,32-13-2020,iyibgw@gmail.com
1061,hWsSyb,,FEMALE,20681.0,Finance,32-13-2020,hwssyb@gmail.com
1062,klhHyN,150.0,FEMALE,0.0,,,klhhyn@yahoo.com
272,KXRwGF,-5.0,f,,IT,32-13-2020,kxrwgf@gmail.com
1064,OpbhEV,27.0,Male,-1000.0,,,OpbhEV.com
1065,mgjkcI,53.0,FEMALE,99999999.0,Finance,,mgjkci@outlook.com
1066,RadodY,150.0,f,,HR,2020-11-22 00:00:00,radody@gmail.com
403,MHSzVx,34.0,male,98314.0,Sales,32-13-2020,mhszvx@gmail.com
1068,bTGCBy,-5.0,f,0.0,IT,32-13-2020,bTGCBy.com
1069,ZZmwvL,,,72477.0,IT,32-13-2020,ZZmwvL.com
1070,WaFDLx,150.0,f,0.0,Sales,,wafdlx@outlook.com
1071,ifeeti,-5.0,male,,HR,,ifeeti@outlook.com
1072,gOnFgz,-5.0,,,Sales,32-13-2020,gonfgz@gmail.com
1073,kJTOBs,,M,,HR,,kjtobs@outlook.com
69,TEhxBB,,f,0.0,IT,,tehxbb@yahoo.com
137,ssyqBm,52.0,M,52911.0,Finance,2015-08-26 00:00:00,ssyqbm@gmail.com
1076,vrACOP,,,98131.0,IT,,vracop@yahoo.com
1077,LYYTFM,,,99999999.0,Sales,,lyytfm@yahoo.com
1078,pAMtmH,150.0,Male,99999999.0,Sales,,pamtmh@gmail.com
1079,ftyHDo,150.0,Male,99999999.0,,2022-11-21 00:00:00,ftyhdo@gmail.com
1080,vACihz,50.0,M,0.0,Sales,,vacihz@outlook.com
337,vgtwVG,26.0,FEMALE,0.0,IT,,vgtwvg@yahoo.com
1082,XPEgZF,,,,HR,32-13-2020,xpegzf@outlook.com
393,DyvRUh,,M,90796.0,HR,,dyvruh@yahoo.com
384,DUzsVy,150.0,FEMALE,99999999.0,Sales,2020-08-06 00:00:00,DUzsVy.com
483,pkrrwL,58.0,f,-1000.0,HR,32-13-2020,pkrrwl@yahoo.com
47,IGfKAh,,male,99999999.0,Sales,32-13-2020,igfkah@yahoo.com
1087,RgxrxX,,Male,61402.0,IT,32-13-2020,RgxrxX.com
1088,MfKysj,150.0,f,35929.0,Finance,32-13-2020,MfKysj.com
268,bCEIvp,,,-1000.0,,2022-11-13 00:00:00,bceivp@yahoo.com
1090,TAywOu,37.0,f,99999999.0,Finance,2015-06-01 00:00:00,taywou@yahoo.com
1091,kCzzPJ,25.0,M,,IT,32-13-2020,kczzpj@outlook.com
289,lgbIdH,50.0,M,,HR,2018-10-01 00:00:00,lgbidh@yahoo.com
431,yKNomq,150.0,,99999999.0,,2020-02-09 00:00:00,yknomq@yahoo.com
425,GadHEX,-5.0,FEMALE,40924.0,Finance,2018-05-18 00:00:00,gadhex@outlook.com
1095,HLZNnM,,M,99999999.0,IT,2017-11-24 00:00:00,HLZNnM.com
1096,DspSmm,42.0,Male,99999999.0,HR,2020-04-22 00:00:00,DspSmm.com
58,BEoiWX,-5.0,Male,0.0,,32-13-2020,beoiwx@outlook.com
281,dcsvPi,,FEMALE,0.0,IT,2022-07-24 00:00:00,dcsvpi@gmail.com
1099,LhnnEZ,-5.0,male,-1000.0,HR,,lhnnez@yahoo.com
1100,HNGdLs,25.0,FEMALE,99999999.0,IT,,hngdls@outlook.com
482,pBOvXD,24.0,Male,99999999.0,Sales,32-13-2020,pbovxd@yahoo.com
437,zigQuf,52.0,M,-1000.0,IT,,zigquf@outlook.com
339,cWVFpw,-5.0,,99999999.0,IT,2018-02-10 00:00:00,cwvfpw@yahoo.com
267,ctkYFW,-5.0,FEMALE,25295.0,HR,,ctkYFW.com
1105,GzsHMn,-5.0,,22045.0,,2015-03-01 00:00:00,gzshmn@outlook.com
1106,DIGoOm,150.0,,99999999.0,IT,,digoom@outlook.com
1107,EgSEif,-5.0,M,99999999.0,IT,,egseif@gmail.com
1108,xdbZEX,-5.0,f,,IT,,xdbzex@yahoo.com
1109,OfMuuH,150.0,f,99999999.0,HR,2018-06-20 00:00:00,ofmuuh@yahoo.com
1110,BrPtWQ,-5.0,Male,99707.0,,32-13-2020,brptwq@outlook.com
381,aditxp,150.0,male,0.0,,32-13-2020,aditxp@gmail.com
244,TmGABP,-5.0,Male,99999999.0,IT,32-13-2020,tmgabp@gmail.com
99,jwZZDr,150.0,f,0.0,,32-13-2020,jwZZDr.com
1114,wqihUh,-5.0,Male,0.0,HR,2022-06-25 00:00:00,wqihuh@outlook.com
455,wAdeZu,24.0,f,43346.0,HR,,wadezu@yahoo.com
1116,GxSkKe,51.0,f,,IT,2017-05-18 00:00:00,GxSkKe.com
1117,LmgKcZ,-5.0,f,-1000.0,,2016-06-20 00:00:00,LmgKcZ.com
104,oMwvZa,49.0,FEMALE,99999999.0,Finance,32-13-2020,omwvza@gmail.com
1119,jCsaHI,,,99999999.0,Finance,2022-03-20 00:00:00,jcsahi@outlook.com
1120,XWLnye,,,0.0,HR,,XWLnye.com
336,KczSWo,150.0,,99999999.0,Finance,2017-01-21 00:00:00,kczswo@outlook.com
236,gWTQbJ,-5.0,f,,HR,,gwtqbj@gmail.com
1123,ZtpYdZ,150.0,male,-1000.0,HR,32-13-2020,ztpydz@yahoo.com
264,GZGCKQ,-5.0,f,0.0,HR,,gzgckq@gmail.com
13,gBAFPT,28.0,male,,Finance,,gbafpt@yahoo.com
252,TFgZYG,150.0,FEMALE,99999999.0,Sales,32-13-2020,tfgzyg@yahoo.com
145,zyIIDX,150.0,FEMALE,55199.0,IT,32-13-2020,zyiidx@outlook.com
1128,qhEGLC,,,99999999.0,IT,2019-09-27 00:00:00,qhEGLC.com
1129,JgHmrx,28.0,male,,IT,32-13-2020,JgHmrx.com
1130,tYCUjS,-5.0,,99999999.0,Finance,,tycujs@yahoo.com
1131,EZCAov,44.0,,-1000.0,IT,,ezcaov@gmail.com
1132,nRStAR,-5.0,,99999999.0,HR,2015-01-06 00:00:00,nRStAR.com
1133,keRoMk,150.0,male,-1000.0,HR,32-13-2020,keromk@yahoo.com
181,Kbzsch,150.0,male,0.0,IT,2020-03-17 00:00:00,kbzsch@gmail.com
74,jcDgDp,150.0,,99999999.0,,2016-02-25 00:00:00,jcdgdp@outlook.com
1136,cyhahV,35.0,f,63571.0,Finance,,cyhahv@yahoo.com
384,DnQZtQ,38.0,male,-1000.0,HR,2019-07-15 00:00:00,DnQZtQ.com
1138,OAAEWH,-5.0,FEMALE,-1000.0,IT,32-13-2020,oaaewh@outlook.com
489,mmdFtH,-5.0,Male,0.0,,32-13-2020,mmdfth@outlook.com
1140,YxXIKF,30.0,M,99999999.0,Sales,32-13-2020,yxxikf@gmail.com
445,ORXmKc,150.0,M,-1000.0,IT,32-13-2020,orxmkc@outlook.com
298,XiDRvc,19.0,f,-1000.0,,,XiDRvc.com
1143,skIbLG,150.0,,99999999.0,,2016-02-21 00:00:00,skiblg@outlook.com
1144,HQPCcV,150.0,FEMALE,0.0,IT,32-13-2020,HQPCcV.com
5,aAJolC,33.0,M,-1000.0,Sales,2019-01-13 00:00:00,aajolc@yahoo.com
36,OEQEwL,,male,43577.0,Finance,,oeqewl@outlook.com
1147,cnXgcY,,M,0.0,Sales,32-13-2020,cnXgcY.com
1148,fSCqNZ,,M,99999999.0,Finance,2018-11-19 00:00:00,fscqnz@outlook.com
224,hTPwlo,,M,,IT,,htpwlo@outlook.com
249,iUdlsz,,f,27243.0,Sales,,iudlsz@yahoo.com
1151,ADtrXq,-5.0,M,,Finance,32-13-2020,adtrxq@gmail.com
241,mvQFQG,-5.0,,0.0,Sales,,mvqfqg@gmail.com
1153,APaBXa,150.0,male,,,,apabxa@yahoo.com
1154,mcMiJF,-5.0,M,40979.0,Finance,,mcmijf@gmail.com
1155,GdWbuC,150.0,male,,IT,32-13-2020,gdwbuc@gmail.com
302,FoUEGq,-5.0,FEMALE,,Sales,32-13-2020,fouegq@gmail.com
1157,KZqYuC,-5.0,Male,95328.0,HR,32-13-2020,kzqyuc@gmail.com
1158,XEnHoy,-5.0,male,99999999.0,Sales,2015-02-12 00:00:00,xenhoy@yahoo.com
1159,vcMkuG,150.0,f,42457.0,IT,2019-12-01 00:00:00,vcMkuG.com
370,WUuooi,150.0,male,0.0,,2015-11-29 00:00:00,wuuooi@outlook.com
467,qNLonw,,M,,Finance,,qnlonw@outlook.com
1162,UqnPcR,-5.0,FEMALE,0.0,,2018-04-12 00:00:00,uqnpcr@yahoo.com
488,UZqMNK,27.0,f,,,,uzqmnk@gmail.com
82,dlWxut,-5.0,,-1000.0,,32-13-2020,dlwxut@outlook.com
47,ZMnEmq,150.0,Male,-1000.0,,,zmnemq@yahoo.com
88,JnRNSS,-5.0,f,0.0,Sales,2018-06-11 00:00:00,jnrnss@gmail.com
1167,AZvSGd,,male,,,2021-04-30 00:00:00,AZvSGd.com
1168,wZmtca,-5.0,M,-1000.0,Finance,2020-06-27 00:00:00,wzmtca@outlook.com
373,ndCYWc,-5.0,FEMALE,93620.0,Sales,32-13-2020,ndcywc@yahoo.com
372,hcQyrU,49.0,,43967.0,Finance,,hcqyru@gmail.com
1171,fLHuvb,-5.0,male,50179.0,HR,32-13-2020,flhuvb@outlook.com
29,LKWSEF,-5.0,Male,-1000.0,HR,32-13-2020,lkwsef@gmail.com
1173,tvJvXA,150.0,f,99999999.0,,32-13-2020,tvJvXA.com
1174,lyytJG,150.0,male,-1000.0,,32-13-2020,lyytjg@yahoo.com
1175,YdxQlS,-5.0,Male,-1000.0,Finance,2022-11-15 00:00:00,ydxqls@gmail.com
38,xYhnpk,150.0,FEMALE,79489.0,Finance,2023-01-09 00:00:00,xyhnpk@gmail.com
257,uJegqu,55.0,f,,Sales,,ujegqu@gmail.com
133,mhEmaF,60.0,FEMALE,0.0,Finance,32-13-2020,mhemaf@outlook.com
1179,fteMTT,150.0,Male,23267.0,IT,2015-12-01 00:00:00,ftemtt@yahoo.com
414,rCFbUt,,f,,Finance,,rcfbut@gmail.com
20,nicHjS,150.0,male,-1000.0,,,nichjs@yahoo.com
322,xJDonn,150.0,,99999999.0,HR,,xJDonn.com
87,amAFse,-5.0,f,-1000.0,HR,2020-03-16 00:00:00,amafse@outlook.com
427,UrWwTX,,M,,Finance,,urwwtx@yahoo.com
370,aDbdQo,,,-1000.0,HR,2015-04-01 00:00:00,adbdqo@outlook.com
1186,vwMeln,32.0,,-1000.0,,32-13-2020,vwmeln@outlook.com
237,isOCbL,-5.0,male,0.0,Sales,,isOCbL.com
143,tgGJEF,43.0,male,0.0,,,tggjef@outlook.com
54,goswoy,,Male,99999999.0,Finance,32-13-2020,goswoy.com
1190,AVdlpp,50.0,male,99999999.0,IT,2015-06-27 00:00:00,AVdlpp.com
1191,roWJgy,,male,0.0,Finance,32-13-2020,rowjgy@gmail.com
292,biQCtG,,M,99999999.0,Sales,2017-07-08 00:00:00,biQCtG.com
1193,yAmxhY,-5.0,f,0.0,,2018-04-15 00:00:00,yamxhy@gmail.com
1194,NWtpVV,-5.0,FEMALE,99999999.0,IT,32-13-2020,nwtpvv@outlook.com
1195,YGBOPk,52.0,male,0.0,Sales,32-13-2020,ygbopk@yahoo.com
141,ooHcFV,-5.0,f,,,32-13-2020,oohcfv@gmail.com
465,sqrHHK,150.0,f,0.0,HR,2023-01-28 00:00:00,sqrhhk@outlook.com
124,QRNuRN,,Male,0.0,,2019-02-15 00:00:00,qrnurn@yahoo.com
1199,aYoSFi,45.0,male,99999999.0,Sales,2018-05-01 00:00:00,ayosfi@outlook.com
